fun_page,family,name,serial_number,RGB
1,Whites,Swan Wing,OW11P,"245,236,217"
1,Whites,Snow White,OW201P,"245,240,225"
1,Whites,White Lace,OW211P,"242,238,227"
1,Whites,Intimate White,OW212P,"239,233,222"
2,Whites,Hush White,OW221P,"240,236,225"
2,Whites,Mobe Pearl,OW222P,"236,228,216"
2,Whites,Ash White,OW241P,"231,231,223"
2,Whites,Light Approach,OW251P,"245,230,208"
3,Whites,Fine Linen,OW501P,"246,241,229"
3,Whites,Open Up,OW502P,"244,239,224"
3,Whites,Moon Dance,OW503P,"241,236,220"
3,Whites,Take My Hand,OW504P,"239,225,203"
4,Whites,Freedom,OW505P,"247,237,223"
4,Whites,Feather Touch,OW506P,"243,233,213"
4,Whites,In My Mind,OW507P,"239,228,209"
4,Whites,Ice Café,OW508P,"232,215,190"
5,Whites,Awakening,OW509P,"244,240,229"
5,Whites,Loveliness,OW510P,"239,232,219"
5,Whites,Desert Dream,OW511P,"232,222,204"
5,Whites,Lonely Day,OW512P,"224,216,203"
6,Whites,Cheese Cake,OW513P,"243,240,226"
6,Whites,Pleasant Day,OW514P,"241,235,220"
6,Whites,Just Another Day,OW515P,"231,230,220"
6,Whites,Soft Words,OW516P,"233,223,210"
7,Whites,Beautiful Day,OW517P,"247,235,220"
7,Whites,Soft Blush,OW518P,"246,233,222"
7,Whites,Blushing Rose,OW519P,"237,228,218"
7,Whites,Mirage,OW520P,"225,222,215"
8,Whites,Precious,OW521P,"242,237,225"
8,Whites,Lace,OW522P,"237,232,225"
8,Whites,Morning Time,OW523P,"237,231,221"
8,Whites,Fine Day,OW524P,"232,226,214"
9,Whites,Snow Peaks,OW525P,"244,239,229"
9,Whites,Fine Canvas,OW526P,"239,235,223"
9,Whites,Perfect Day,OW527P,"234,228,222"
9,Whites,Matinée,OW528P,"230,223,209"
10,Whites,Morning Prayer,OW529P,"246,237,224"
10,Whites,Keep the Faith,OW530P,"235,231,220"
10,Whites,Time After Time,OW531P,"233,229,218"
10,Whites,At Ease,OW532P,"228,222,215"
11,Whites,Love in White,0001P,"246,241,232"
11,Whites,Water Lilies,0002P,"245,239,230"
11,Whites,Endless Love,0003P,"245,236,223"
11,Whites,White Pebbles,0004P,"242,234,219"
12,Whites,Creamy Pie,0005P,"245,243,231"
12,Whites,Summer White,0006P,"242,236,221"
12,Whites,Jute,0007P,"240,235,223"
12,Whites,Softest Silk,0008P,"238,232,219"
13,Whites,Prosperity,0009P,"245,240,228"
13,Whites,Blossom Touch,0010P,"245,238,226"
13,Whites,Hush,0011P,"241,235,224"
13,Whites,Open Sesame,0012P,"237,227,207"
14,Whites,Cotton Touch,0013P,"242,238,228"
14,Whites,Happy Daisy,0014P,"241,236,223"
14,Whites,Feels like Cotton,0015P,"233,228,214"
14,Whites,Morning Haze,0016P,"232,223,206"
15,Whites,Love is in the Air,0017P,"245,240,229"
15,Whites,Sleepless,0018P,"245,238,221"
15,Whites,Wonderful White,0019P,"244,238,223"
15,Whites,Sunny Day,0020P,"242,233,214"
16,Whites,Swan Lake,0021P,"238,235,227"
16,Whites,Patience,0022P,"231,225,213"
16,Whites,Sweet Imagination,0023P,"236,228,214"
16,Whites,Day Dreaming,0024P,"235,228,214"
17,Whites,Toast and Butter,0025P,"230,226,217"
17,Whites,Ballet Slippers,0026P,"236,230,222"
17,Whites,Home Sweet Home,0027P,"229,227,223"
17,Whites,Forever Autumn,0028P,"225,227,225"
18,Reds,Tiny Pink,0029P,"236,224,226"
18,Reds,Pink Bubble,0030P,"237,214,219"
18,Reds,Candy Floss,0031P,"236,195,208"
18,Reds,Turkey Dimple,0032T,"229,169,191"
18,Reds,Dahlia Delight,0033T,"214,143,170"
18,Reds,Peony Blooms,0034D,"197,115,147"
18,Reds,Mystic Tulip,0035A,"163,76,111"
19,Reds,Satin Slipper,0036P,"238,227,227"
19,Reds,Blush of Spring,0037P,"240,213,217"
19,Reds,Be Mine,0038P,"239,195,203"
19,Reds,Ella Rose,0039T,"234,175,189"
19,Reds,Punch of Pink,0040T,"221,147,167"
19,Reds,Valentino Rose,0041D,"205,113,141"
19,Reds,Fuscia Fizz,0042A,"182,72,107"
20,Reds,Porcelain Rose,0043P,"240,228,228"
20,Reds,Romantic Night,0044P,"243,215,219"
20,Reds,Pretty in Pink,0045P,"238,195,204"
20,Reds,Bubble Gum Pinkish,0046T,"236,171,180"
20,Reds,Precious Peony,0047T,"228,147,162"
20,Reds,Elizabeth Rose,0048D,"215,113,137"
20,Reds,Strawberry Whip,0049A,"184,79,108"
21,Reds,Hint of Rose,0050P,"242,230,229"
21,Reds,Blooming Perfect,0051P,"245,216,216"
21,Reds,Wild Flower,0052P,"245,195,197"
21,Reds,Impatient Heart,0053T,"241,175,180"
21,Reds,Pleasing Pink,0054T,"231,147,157"
21,Reds,Bright Blush,0055D,"214,111,127"
21,Reds,Go Go Red,0056A,"188,77,97"
22,Reds,Creamy Pink,0057P,"241,229,227"
22,Reds,Innocent Pink,0058P,"245,214,212"
22,Reds,Blushing Bride,0059P,"245,195,194"
22,Reds,Just About Pink,0060P,"244,179,180"
22,Reds,Shy Peach,0061T,"238,148,149"
22,Reds,Ooh La La,0062D,"226,111,120"
22,Reds,Lady in Red,0063A,"200,82,96"
23,Reds,Pink Thoughts,0064P,"239,228,224"
23,Reds,Coral Beach,0065P,"245,215,211"
23,Reds,Peach Melon,0066P,"249,194,188"
23,Reds,Slightly Coral,0067T,"245,165,162"
23,Reds,Child’s Smile,0068T,"242,145,142"
23,Reds,Sunset Rouge,0069D,"230,113,111"
23,Reds,Njabulo,0070A,"210,81,85"
24,Reds,Delicate Lace,0071P,"240,230,228"
24,Reds,Peach Kiss,0072P,"248,214,208"
24,Reds,Dreamsicle,0073P,"251,192,183"
24,Reds,Peaceful Peach,0074T,"251,172,161"
24,Reds,Hope,0075T,"249,148,137"
24,Reds,Fuzzy Peach,0076D,"234,115,103"
24,Reds,Red Flame,0077A,"210,74,64"
25,Reds,Rose Tint,0078P,"233,218,220"
25,Reds,Sea Shell Pink,0079P,"228,204,211"
25,Reds,Ashes of Roses,0080P,"219,185,195"
25,Reds,Rose Dawn,0081T,"211,161,178"
25,Reds,Minuet Waltz,0082T,"194,140,160"
25,Reds,Punky Pink,0083D,"173,112,135"
25,Reds,Groovy Grape,0084A,"148,78,105"
26,Reds,Baby Blush,0085P,"233,220,221"
26,Reds,Quiet Alcove,0086P,"230,203,208"
26,Reds,Acacia Bloom,0087P,"223,183,192"
26,Reds,Lady Flower,0088T,"212,160,173"
26,Reds,Persian Delight,0089T,"200,139,155"
26,Reds,Romeo,0090D,"181,110,129"
26,Reds,King’s Cloak,0091A,"154,73,97"
27,Reds,Moon Rose,0092P,"234,220,220"
27,Reds,Loving,0093P,"233,204,205"
27,Reds,Pale Lipstick,0094P,"227,183,188"
27,Reds,Dainty Debutante,0095T,"221,163,170"
27,Reds,Pink Grapefruit,0096T,"208,139,151"
27,Reds,Meadow Sweet,0097D,"189,110,125"
27,Reds,Garnet Shadow,0098A,"164,78,98"
28,Reds,Little Bambino,0099P,"235,220,218"
28,Reds,Petticoat Tails,0100P,"236,204,205"
28,Reds,Roseanne,0101P,"234,187,189"
28,Reds,Monterrey Rose,0102T,"227,161,166"
28,Reds,Carnation Bouquet,0103T,"211,138,146"
28,Reds,Wild Pink,0104D,"193,110,120"
28,Reds,Rickshaw Red,0105A,"173,78,92"
29,Reds,Baked Alaska,0106P,"235,219,217"
29,Reds,Ruby Tuesday,0107P,"238,203,202"
29,Reds,Cool Rosewater,0108P,"235,186,186"
29,Reds,Fragile Petal,0109T,"226,161,162"
29,Reds,Miami Pink,0110T,"219,143,145"
29,Reds,Belle Aurore,0111D,"201,110,114"
29,Reds,Lobster Red,0112A,"178,81,90"
30,Reds,Candle’s Glowing Light,0113P,"234,221,217"
30,Reds,Tender Shrimp,0114P,"236,203,200"
30,Reds,Love Light Chiffon,0115P,"236,185,182"
30,Reds,Endless Possibilities,0116T,"230,164,161"
30,Reds,Adobe Desert,0117T,"217,139,135"
30,Reds,Lobster Bisque,0118D,"204,110,107"
30,Reds,Hot-n-Spicy,0119A,"178,77,77"
31,Reds,White Surrender,0120P,"234,222,217"
31,Reds,Pink Marshmallow,0121P,"235,203,196"
31,Reds,Sweet Honeysuckle,0122P,"236,183,176"
31,Reds,Unmatched Beauty,0123T,"231,165,156"
31,Reds,Tropical Heat,0124T,"219,139,130"
31,Reds,Chakalaka,0125D,"205,112,101"
31,Reds,Burnt Horizon,0126A,"181,74,69"
32,Reds,Pink Candle,0127P,"225,209,213"
32,Reds,Bleeding Heart,0128P,"207,185,192"
32,Reds,Odessa,0129T,"190,157,168"
32,Reds,Lover’s Idyll,0130T,"176,142,154"
32,Reds,Dixie Rose,0131T/D,"161,119,133"
32,Reds,Brandy,0132D,"144,97,113"
32,Reds,Very Berry,0133A,"128,78,97"
33,Reds,Angel Tears,0134P,"223,207,208"
33,Reds,Beautiful Pink,0135P,"208,183,188"
33,Reds,Fantastic Pink,0136T,"194,162,169"
33,Reds,Lover’s Kiss,0137T,"179,141,151"
33,Reds,Pink Empire,0138T/D,"166,118,129"
33,Reds,Summer Blush,0139D,"147,94,110"
33,Reds,Swazi,0140A,"135,77,92"
34,Reds,Rose Shadow,0141P,"225,207,208"
34,Reds,Abby Rose,0142P,"212,185,188"
34,Reds,Beige Rose,0143T,"197,162,167"
34,Reds,Garden Rose,0144T,"185,142,149"
34,Reds,Marble Pink,0145T/D,"172,120,129"
34,Reds,Deco Pink,0146D,"154,96,107"
34,Reds,Red Red Wine,0147A,"140,76,89"
35,Reds,Rosy Cloud,0148P,"227,208,207"
35,Reds,Kisses for You,0149P,"214,184,185"
35,Reds,Blushing Butterfly,0150P,"201,163,165"
35,Reds,Kiss of Dawn,0151T,"188,140,145"
35,Reds,Mesa Ridge,0152T,"174,120,124"
35,Reds,Bryce Canyon,0153D,"157,98,106"
35,Reds,Merry Go Round,0154A,"135,72,82"
36,Reds,Grandma’s Pearl,0155P,"228,209,207"
36,Reds,Shy Pink,0156P,"212,181,181"
36,Reds,Blushing Girl,0157T,"205,164,164"
36,Reds,Matador Rose,0158T,"196,140,144"
36,Reds,Dusty Peach,0159T/D,"176,118,122"
36,Reds,Sienna Canyon,0160D,"165,96,99"
36,Reds,Hot Terracotta,0161A,"147,74,78"
37,Reds,Waterlily Bay,0162P,"227,210,206"
37,Reds,Blooming in Pink,0163P,"213,183,179"
37,Reds,Rosehill,0164T,"204,165,163"
37,Reds,Floral Fantasy,0165T,"193,139,139"
37,Reds,Reef Rust,0166D,"182,119,120"
37,Reds,Rooibos,0167D,"169,98,96"
37,Reds,French Kiss,0168A,"154,74,72"
38,Reds,White Knight,0169P,"224,208,204"
38,Reds,Peach Cobbler,0170P,"210,182,178"
38,Reds,Morning Clay,0171P,"209,167,161"
38,Reds,Cozy Feeling,0172T,"194,144,136"
38,Reds,Party Time,0173T,"184,123,114"
38,Reds,Majestic Promenade,0174D,"170,102,94"
38,Reds,Just Terracotta,0175A,"159,77,70"
39,Reds,Sea Oyster,0176P,"212,198,201"
39,Reds,Lunar Rock,0177P,"191,174,179"
39,Reds,Raspberry Beret,0178T,"173,154,160"
39,Reds,Berry Mousse,0179T,"157,134,142"
39,Reds,Choc Berry,0180D,"139,115,124"
39,Reds,Berry Crush,0181D,"126,96,105"
39,Reds,Red Wine,0182A,"107,74,86"
40,Reds,Pink Duet,0183P,"211,196,198"
40,Reds,Antoinette Pink,0184P,"193,176,178"
40,Reds,Belle Vista,0185T,"177,154,157"
40,Reds,Mussel Shell,0186T,"161,135,140"
40,Reds,Vintage Pink,0187T/D,"144,117,123"
40,Reds,Indian Hills,0188D,"128,95,101"
40,Reds,Emperor’s Robe,0189A,"112,74,84"
41,Reds,Wedding Rose,0190P,"214,197,198"
41,Reds,Poppy Prose,0191P,"194,176,178"
41,Reds,Wonderland,0192T,"175,152,155"
41,Reds,Abigail Pink,0193T,"162,136,139"
41,Reds,Queen’s Rose,0194D,"146,115,119"
41,Reds,Herald of Spring,0195D,"129,95,102"
41,Reds,Rococo Red,0196A,"114,74,81"
42,Reds,White Kitten,0197P,"217,197,197"
42,Reds,Ethereal Dream,0198P,"196,174,173"
42,Reds,Pink Expression,0199T,"180,155,156"
42,Reds,Spring Pride,0200T,"163,135,137"
42,Reds,Ma Cherie,0201D,"149,115,118"
42,Reds,Eye Catcher,0202D,"133,95,98"
42,Reds,Chestnut Filly,0203A,"122,74,79"
43,Reds,Apple Blush,0204P,"216,196,194"
43,Reds,Big Smile,0205P,"195,173,172"
43,Reds,Magic Lily,0206T,"183,157,156"
43,Reds,Roseum,0207T,"165,135,135"
43,Reds,Bell Song,0208D,"151,115,116"
43,Reds,Summer Berry,0209D,"138,96,97"
43,Reds,African Queen,0210A,"121,75,76"
44,Reds,Scented Candles,0211P,"213,196,194"
44,Reds,Oriental Lily,0212P,"193,173,171"
44,Reds,Pink Stone,0213T,"177,154,151"
44,Reds,Hidden Seashell,0214T,"166,137,134"
44,Reds,Bauer Brown,0215D,"154,118,115"
44,Reds,Terra Nova,0216D,"137,95,92"
44,Reds,Mahogany Magic,0217A,"122,75,73"
45,Reds,Choc Milkshake,0218P,"214,196,191"
45,Reds,Careless Whisper,0219P,"193,175,171"
45,Reds,Sandbar,0220T,"178,154,149"
45,Reds,Oriental Magic,0221T,"167,136,131"
45,Reds,Ruffles,0222T,"154,121,116"
45,Reds,Leather Bound,0223D,"141,101,95"
45,Reds,Eclaire,0224A,"130,76,68"
46,Reds,Pink Dusk,0225P,"199,185,189"
46,Reds,White on Rice,0226T,"180,165,168"
46,Reds,Dried Heather,0227T,"161,147,151"
46,Reds,Baby Seal,0228T,"144,129,133"
46,Reds,Stoneville,0229D,"125,111,116"
46,Reds,Woodvine,0230A,"101,88,93"
46,Reds,Sable Antelope,0231A,"87,72,76"
47,Reds,Pale Daisy,0232P,"204,188,190"
47,Reds,Monument Marble,0233P,"182,166,168"
47,Reds,Musee d’Orsay,0234T,"162,148,152"
47,Reds,Milky Ridge,0235T,"143,128,132"
47,Reds,Florida Sand,0236D,"126,110,113"
47,Reds,Star of Morning,0237A,"104,88,93"
47,Reds,Metro,0238A,"87,72,76"
48,Reds,Savanna,0239P,"199,183,184"
48,Reds,Desert View,0240P,"181,166,167"
48,Reds,Fox Burrow,0241T,"161,145,146"
48,Reds,Chapel Wall,0242T,"144,127,129"
48,Reds,Summer’s Eve,0243D,"125,108,110"
48,Reds,Casa Blanca,0244D,"109,90,92"
48,Reds,Beautiful Brown Eyes,0245A,"90,70,73"
49,Reds,Sugary Dust,0246P,"200,186,185"
49,Reds,Beige Rage,0247T,"179,164,164"
49,Reds,Teddy,0248T,"160,145,146"
49,Reds,Rural Road,0249T,"148,130,131"
49,Reds,Kenrose,0250D,"126,108,109"
49,Reds,Rolling Rock,0251D,"111,91,92"
49,Reds,Bitter Chocolate,0252A,"87,70,71"
50,Reds,Rasputin,0253P,"205,187,186"
50,Reds,Semisweet,0254P,"183,168,167"
50,Reds,Spicy Beige,0255T,"166,149,148"
50,Reds,Cappuccino,0256T,"148,130,129"
50,Reds,Coach House,0257D,"128,108,107"
50,Reds,Old Oak Tree,0258D,"113,89,90"
50,Reds,Earthbound,0259A,"96,73,73"
51,Reds,Buffy,0260P,"203,188,183"
51,Reds,Spice Nut,0261P,"182,167,164"
51,Reds,Stony Field,0262T,"167,155,154"
51,Reds,Almond Rocha,0263T,"146,130,127"
51,Reds,Winward,0264D,"131,111,107"
51,Reds,Tan Bonanza,0265D,"114,91,88"
51,Reds,Chocolate Delight,0266A,"99,74,71"
52,Reds,Incense,0267P,"199,184,181"
52,Reds,Beautiful Beige,0268P,"182,166,162"
52,Reds,Misty Beige,0269T,"163,147,143"
52,Reds,Bluff Beige,0270T,"149,131,128"
52,Reds,Pudding Bar,0271D,"134,115,111"
52,Reds,Rancho Santa Fe,0272D,"115,93,88"
52,Reds,Deep Woods,0273A,"96,74,70"
53,Oranges,Apricot Brandy,0274P,"242,230,225"
53,Oranges,Summer Secret,0275P,"248,214,205"
53,Oranges,Country Girl,0276P,"249,189,173"
53,Oranges,Jewel Mark,0277T,"251,177,157"
53,Oranges,Chic Botique,0278T/D,"252,150,127"
53,Oranges,Happy Happy,0279D,"242,121,98"
53,Oranges,Clown Fish,0280A,"225,89,63"
54,Oranges,Pale Tulip,0281P,"242,230,224"
54,Oranges,Apricot Mousse,0282P,"247,215,204"
54,Oranges,Magical Marlene,0283P,"252,198,179"
54,Oranges,Peachy Cream,0284T,"252,177,152"
54,Oranges,Candy Stick,0285T,"252,156,126"
54,Oranges,French Marigold,0286D,"250,129,95"
54,Oranges,Day Lily Dream,0287A,"231,97,60"
55,Oranges,Waxen Moon,0288P,"243,230,223"
55,Oranges,Colonial Dream,0289P,"248,218,204"
55,Oranges,Sandpaper,0290P,"253,198,176"
55,Oranges,Peach Party,0291T,"252,179,150"
55,Oranges,Hooray,0292T/D,"252,159,121"
55,Oranges,Orange Juice,0293D,"253,136,90"
55,Oranges,Tangerine Tango,0294A,"235,109,60"
56,Oranges,Sodona,0295P,"243,230,223"
56,Oranges,Double Happiness,0296P,"249,217,201"
56,Oranges,Nursery Rhyme,0297P,"253,200,173"
56,Oranges,Sweet Tart,0298T,"253,182,149"
56,Oranges,Giggling Girl,0299T,"255,167,123"
56,Oranges,Orange Zest,0300D,"254,143,88"
56,Oranges,Cedarburg,0301A,"240,118,55"
57,Oranges,Candle Light,0302P,"243,232,224"
57,Oranges,Blonde Shell,0303P,"250,224,207"
57,Oranges,Marshmallow Miss,0304P,"254,203,175"
57,Oranges,Orange Delight,0305T,"253,186,148"
57,Oranges,Simmered Sun,0306T/D,"253,171,120"
57,Oranges,Tangerine Twist,0307D,"253,152,87"
57,Oranges,Wake Up Orange,0308A,"245,132,57"
58,Oranges,Imperial Light,0309P,"243,234,226"
58,Oranges,Glistening,0310P,"248,221,202"
58,Oranges,Morning Crescent,0311P,"253,207,175"
58,Oranges,Simmering Ridge,0312T,"253,191,145"
58,Oranges,Cheery Tune,0313T/D,"255,176,120"
58,Oranges,Happy Day,0314A,"255,156,83"
58,Oranges,Good Day Sunshine,0315A,"246,141,51"
59,Oranges,Ray of Light,0316P,"243,235,227"
59,Oranges,Dandy Lion,0317P,"247,222,203"
59,Oranges,Broadway Lights,0318P,"251,209,175"
59,Oranges,Sandstone Skin,0319T,"255,199,154"
59,Oranges,Touch the Sun,0320T/D,"255,186,123"
59,Oranges,Namaqualand,0321D,"255,168,90"
59,Oranges,Orange Surprise,0322A,"255,157,62"
60,Oranges,Ivory Island,0323P,"235,221,216"
60,Oranges,Wind Drift,0324P,"240,206,197"
60,Oranges,Helios,0325P,"241,187,174"
60,Oranges,Sandy Lane,0326T,"236,168,152"
60,Oranges,Ceramic Peach,0327T,"225,143,125"
60,Oranges,Spice Bounty,0328D,"211,114,97"
60,Oranges,Baccarat,0329A,"211,87,66"
61,Oranges,Brushed Cotton,0330P,"235,222,215"
61,Oranges,Downy Comfort,0331P,"239,205,193"
61,Oranges,Harvest Peach,0332P,"238,187,171"
61,Oranges,Western Peach,0333T,"236,170,150"
61,Oranges,Spanish Brocade,0334T/D,"228,146,123"
61,Oranges,Desert Vista,0335D,"218,121,94"
61,Oranges,Sienna Sky,0336A,"200,94,63"
62,Oranges,Shell White,0337P,"234,219,213"
62,Oranges,Apricot Whip,0338P,"240,206,193"
62,Oranges,Venice Square,0339P,"243,191,171"
62,Oranges,Salmon Mousse,0340T,"236,174,151"
62,Oranges,Friendly Companion,0341T,"227,149,121"
62,Oranges,Mountain Rock,0342D,"221,129,94"
62,Oranges,Sunset in the Desert,0343A,"201,102,65"
63,Oranges,Ivory Pillar,0344P,"236,221,213"
63,Oranges,Petite and Perfect,0345P,"237,207,190"
63,Oranges,Peach Dawn,0346P,"238,192,168"
63,Oranges,Romantic Overture,0347T,"240,178,149"
63,Oranges,African Light,0348T,"234,160,123"
63,Oranges,Alex,0349D,"222,134,92"
63,Oranges,Baked Earth,0350A,"205,109,62"
64,Oranges,Pretty Parasol,0351P,"235,221,213"
64,Oranges,Fairy's Dust,0352P,"238,207,189"
64,Oranges,Pure Honey Glow,0353P,"241,195,170"
64,Oranges,Sugar Shack,0354T,"237,179,147"
64,Oranges,Lantern,0355T,"230,162,123"
64,Oranges,Sahara Wind,0356D,"222,140,91"
64,Oranges,Rich Amber,0357A,"212,120,63"
65,Oranges,Orange Mallow,0358P,"233,221,213"
65,Oranges,Baklava,0359P,"238,210,191"
65,Oranges,Delicate Dawning,0360P,"241,198,169"
65,Oranges,Foothills,0361T,"235,181,144"
65,Oranges,Sundrops,0362T/D,"235,166,119"
65,Oranges,Rock Painting,0363D,"222,146,91"
65,Oranges,African Amber,0364A,"213,126,59"
66,Oranges,Whipped Cream,0365P,"233,222,212"
66,Oranges,Annabell,0366P,"235,211,191"
66,Oranges,Pale Narcissus,0367P,"240,200,168"
66,Oranges,Japura,0368T,"237,186,145"
66,Oranges,Olea Orange,0369T,"233,173,122"
66,Oranges,Taste of Summer,0370D,"228,156,94"
66,Oranges,Gold Medal,0371A,"216,141,67"
67,Oranges,Tequila Pearl,0372P,"223,206,201"
67,Oranges,Chopped Nuts,0373P,"216,185,176"
67,Oranges,Maple Pecan,0374T,"206,165,156"
67,Oranges,Coconut Macaroon,0375T,"199,147,133"
67,Oranges,Orange You Glad,0376D,"187,124,109"
67,Oranges,Free State Earth,0377D,"177,105,88"
67,Oranges,Ginger Biscuit,0378A,"164,83,66"
68,Oranges,Creamy Fantasy,0379P,"226,208,200"
68,Oranges,Walnut Spice,0380P,"217,187,178"
68,Oranges,Toffee Deluxe,0381P,"211,168,154"
68,Oranges,Tartlet,0382T,"201,151,135"
68,Oranges,Stardust Peach,0383T/D,"189,130,110"
68,Oranges,Ancient Earth,0384D,"178,108,86"
68,Oranges,Cave Painting,0385A,"169,90,65"
69,Oranges,Coconut Cream,0386P,"229,210,202"
69,Oranges,Nutmeg Dust,0387P,"219,189,177"
69,Oranges,Pumpkin Spice,0388T,"210,169,152"
69,Oranges,Highland Buff,0389T,"205,153,134"
69,Oranges,Canyon Wall,0390T/D,"193,133,109"
69,Oranges,Freckle,0391D,"181,116,89"
69,Oranges,Mystic Copper,0392A,"170,95,67"
70,Oranges,Morning Clarens,0393P,"225,207,198"
70,Oranges,You're My Sweetie,0394P,"220,190,176"
70,Oranges,Pasta Primavera,0395T,"211,173,154"
70,Oranges,Warm Welcome,0396T,"201,154,134"
70,Oranges,Cinnamon City,0397T/D,"196,136,108"
70,Oranges,Carrot Spice,0398D,"185,118,87"
70,Oranges,Spiced Cinnamon,0399A,"175,104,68"
71,Oranges,Pieces of Eight,0400P,"226,209,199"
71,Oranges,Harvest Oat,0401P,"219,193,177"
71,Oranges,Ripe Oats,0402T,"209,172,151"
71,Oranges,Strand of Gold,0403T,"202,157,131"
71,Oranges,Yummy,0404T/D,"194,140,108"
71,Oranges,Toffee Fudge,0405D,"182,123,87"
71,Oranges,Sticky Toffee,0406A,"178,110,67"
72,Oranges,Crème Delight,0407P,"223,211,201"
72,Oranges,Spiced Cider,0408P,"215,191,175"
72,Oranges,Apple Cider,0409T,"208,177,155"
72,Oranges,Peanut Snack,0410T,"202,160,131"
72,Oranges,Harvest Time,0411T/D,"196,142,106"
72,Oranges,Carrot Muffin,0412A,"186,126,85"
72,Oranges,Goose Bill,0413A,"179,113,66"
73,Oranges,Warm Like Bread,0414P,"222,210,200"
73,Oranges,Baked Coconut,0415P,"219,195,177"
73,Oranges,Spice Cookie,0416T,"211,180,156"
73,Oranges,Wheat Field,0417T,"206,168,135"
73,Oranges,Butterscotch Mousse,0418T/D,"198,154,114"
73,Oranges,Peanuts,0419D,"188,135,91"
73,Oranges,Safari Sun,0420A,"188,124,70"
74,Oranges,Falling Leaf,0421P,"213,197,191"
74,Oranges,Bedouin Sand,0422P,"200,179,173"
74,Oranges,Café Beige,0423T,"186,159,152"
74,Oranges,Coffee Break,0424T,"175,141,133"
74,Oranges,Mocha Chunk,0425T/D,"161,121,111"
74,Oranges,Coco Nibs,0426D,"146,102,92"
74,Oranges,Hot Fudge Sundae,0427A,"132,82,68"
75,Oranges,Carefree,0428P,"215,199,192"
75,Oranges,Earth Born,0429P,"201,179,171"
75,Oranges,Moon Dust,0430T,"185,159,150"
75,Oranges,Beauty Sleep,0431T,"173,142,132"
75,Oranges,Fiesta Time,0432T/D,"161,124,111"
75,Oranges,Coffee Shop,0433D,"149,106,91"
75,Oranges,Chocolate Chunk,0434A,"133,85,68"
76,Oranges,Sweetest Silence,0435P,"215,199,191"
76,Oranges,Bare Necessities,0436P,"202,179,169"
76,Oranges,Tan Tone,0437T,"184,160,149"
76,Oranges,Earthen Fantasy,0438T,"174,144,132"
76,Oranges,Day Dreamer,0439T/D,"160,125,110"
76,Oranges,Yellow Sass,0440D,"152,108,91"
76,Oranges,Sun Baked,0441A,"140,90,69"
77,Oranges,Delightful,0442P,"214,196,186"
77,Oranges,Cream Tulip,0443P,"201,180,169"
77,Oranges,Alchemy,0444T,"186,162,149"
77,Oranges,Tete a Tete,0445T,"175,145,131"
77,Oranges,Earthling,0446T/D,"163,129,111"
77,Oranges,Mocca Brown,0447D,"148,110,90"
77,Oranges,Brown Town,0448A,"142,93,68"
78,Oranges,Twinkle Toes,0449P,"213,199,190"
78,Oranges,Starburst,0450P,"200,181,169"
78,Oranges,Rich Glow,0451T,"186,163,150"
78,Oranges,Autumn Wind,0452T,"177,148,131"
78,Oranges,Volute,0453T/D,"165,132,112"
78,Oranges,Rise,0454D,"150,111,86"
78,Oranges,Charlie Brown,0455A,"144,95,67"
79,Oranges,Twinkle Lily,0456P,"216,201,190"
79,Oranges,Ivory Scrimshaw,0457P,"201,183,172"
79,Oranges,Fortissimo,0458T,"187,164,151"
79,Oranges,Casa de Oro,0459T,"174,148,130"
79,Oranges,Pecan Nut,0460D,"160,130,109"
79,Oranges,Soft Tan,0461D,"151,114,88"
79,Oranges,Soft Suede,0462A,"143,99,70"
80,Oranges,Ballet Cream,0463P,"210,197,187"
80,Oranges,Beige Ballad,0464P,"199,184,172"
80,Oranges,Hazelnut,0465T,"186,166,150"
80,Oranges,Rock Outcrop,0466T,"174,152,132"
80,Oranges,Sunny Horizons,0467D,"164,137,115"
80,Oranges,Forgotten Land,0468D,"153,120,92"
80,Oranges,Brown Suede,0469A,"148,105,71"
81,Oranges,Kind Thoughts,0470P,"201,186,180"
81,Oranges,Spiced Cognac,0471P,"183,166,160"
81,Oranges,Truffles,0472T,"166,149,143"
81,Oranges,Yum Yum,0473T,"150,132,127"
81,Oranges,Trevi,0474D,"133,111,105"
81,Oranges,Pavillion Tan,0475D,"118,93,86"
81,Oranges,Underground,0476A,"99,77,71"
82,Oranges,Lacy Oatmeal,0477P,"202,188,182"
82,Oranges,Tumbled Stone,0478P,"184,167,161"
82,Oranges,Travertine,0479T,"165,148,142"
82,Oranges,Elephant Hide,0480T,"150,132,126"
82,Oranges,Little John,0481D,"135,113,105"
82,Oranges,Jericho Brown,0482D,"117,95,87"
82,Oranges,African Mud,0483A,"100,77,69"
83,Oranges,Calico Cat,0484P,"204,189,181"
83,Oranges,Camel’s Hump,0485P,"183,168,161"
83,Oranges,Drifting Sands,0486T,"168,152,143"
83,Oranges,Abbeyshire,0487T,"153,135,127"
83,Oranges,Ruthless,0488D,"136,116,107"
83,Oranges,Ancient Shadow,0489D,"118,97,88"
83,Oranges,Cabin in the Woods,0490A,"106,83,73"
84,Oranges,Bedouin,0491P,"202,187,178"
84,Oranges,Montain Stone,0492P,"184,169,162"
84,Oranges,Urban Affairs,0493T,"167,151,143"
84,Oranges,Paddington Grey,0494T,"152,135,126"
84,Oranges,Stone Whale,0495D,"136,116,106"
84,Oranges,Oak Tone,0496D,"117,96,87"
84,Oranges,Big Bear,0497A,"104,80,68"
85,Oranges,Beige Whimsy,0498P,"200,186,179"
85,Oranges,White Rhino,0499T,"184,169,160"
85,Oranges,Stone Garden,0500T,"166,152,143"
85,Oranges,Buckskin Brown,0501T/D,"151,135,126"
85,Oranges,Chikadee,0502D,"135,116,106"
85,Oranges,Autumn Hills,0503D,"120,99,87"
85,Oranges,Callistoga,0504A,"105,83,69"
86,Oranges,In the Mood,0505P,"202,189,180"
86,Oranges,Soldier,0506T,"182,169,161"
86,Oranges,Frontier,0507T,"165,151,141"
86,Oranges,Carved Stone,0508T,"151,135,125"
86,Oranges,Maple Tree,0509D,"137,119,108"
86,Oranges,Stucco Wall,0510D,"120,101,87"
86,Oranges,Eagle,0511A,"106,84,69"
87,Oranges,Barn Owl,0512P,"200,187,178"
87,Oranges,Light Anthill,0513T,"182,170,160"
87,Oranges,Cream of Wheat,0514T,"168,155,145"
87,Oranges,Stone Statue,0515T/D,"152,138,126"
87,Oranges,Moss Bank,0516D,"134,119,106"
87,Oranges,Sand Island,0517D,"121,102,88"
87,Oranges,Chocolate Dream,0518A,"106,86,69"
88,Yellows,Translucent Lace,0519P,"240,231,222"
88,Yellows,Gloworm,0520P,"247,224,202"
88,Yellows,Fun by the Sun,0521P,"251,213,174"
88,Yellows,Tom Tom,0522T,"255,202,149"
88,Yellows,Jumping Jack,0523T,"255,191,123"
88,Yellows,Sunshine Lizzy,0524D,"255,179,90"
88,Yellows,Basket of Gold,0525A,"255,162,56"
89,Yellows,White Meringue,0526P,"248,241,213"
89,Yellows,White Maas,0527P,"248,238,201"
89,Yellows,Perky Tint,0528P,"248,233,177"
89,Yellows,Phlox Field,0529T,"248,215,135"
89,Yellows,Summer Memory,0530T,"248,209,112"
89,Yellows,Sunrise Glow,0531D,"245,190,90"
89,Yellows,Yellow Jubilee,0532A,"255,163,49"
90,Yellows,Lemon Drizzle,0533P,"240,233,221"
90,Yellows,Julia,0534P,"245,228,203"
90,Yellows,Lemon Sponge Cake,0535P,"249,219,176"
90,Yellows,Mellow Glow,0536T,"250,211,151"
90,Yellows,Downy Duckling,0537T,"247,201,123"
90,Yellows,Sunkissed,0538D,"239,185,90"
90,Yellows,Golden Daffodil,0539A,"249,183,52"
91,Yellows,Meditation,0540P,"245,238,224"
91,Yellows,Tell a Tale,0541P,"252,238,202"
91,Yellows,Sun Goddess,0542P,"255,237,189"
91,Yellows,Dancing Queen,0543T,"255,227,157"
91,Yellows,Evening Sun,0544T,"255,212,123"
91,Yellows,Forever Young,0545D,"255,205,103"
91,Yellows,Energizer,0546A,"255,186,32"
92,Yellows,Fragile,0547P,"244,238,221"
92,Yellows,Easy Living,0548P,"253,241,200"
92,Yellows,Make a Wish,0549P,"255,235,176"
92,Yellows,Remember Me,0550T,"255,230,154"
92,Yellows,As You Are,0551T,"255,223,128"
92,Yellows,Seeds of Gold,0552D,"255,214,98"
92,Yellows,New Day,0553A,"255,204,25"
93,Yellows,Lemony Mist,0554P,"240,234,223"
93,Yellows,Meadow Yellow,0555P,"244,229,203"
93,Yellows,Namaqua Daisy,0556P,"250,223,175"
93,Yellows,Blazing Sun,0557T,"245,215,147"
93,Yellows,Lemon Rind,0558T/D,"248,207,115"
93,Yellows,Panorama Lights,0559D,"239,194,77"
93,Yellows,Crazy Daisy,0560A,"249,189,32"
94,Yellows,Moon Beam,0561P,"240,235,224"
94,Yellows,Rain Slicker,0562P,"240,229,205"
94,Yellows,Yellow Ribbon,0563P,"240,223,179"
94,Yellows,Divina,0564T,"239,216,157"
94,Yellows,Yellow Balloon,0565T,"233,205,128"
94,Yellows,Lemon Essence,0566D,"224,193,92"
94,Yellows,Lavish Lemon,0567A,"225,188,38"
95,Yellows,Light Reflection,0568P,"237,234,224"
95,Yellows,Muslin Tint,0569P,"238,232,207"
95,Yellows,Lemon Bubble,0570P,"235,226,181"
95,Yellows,Citrus Breeze,0571T,"229,218,157"
95,Yellows,Lemon Tang,0572T,"219,206,130"
95,Yellows,Lime Miss,0573D,"205,194,96"
95,Yellows,Sparkling Lemon Lime,0574A,"194,178,62"
96,Yellows,Frozen Limeade,0575P,"237,236,225"
96,Yellows,Silk Cocoon,0576P,"231,230,206"
96,Yellows,Hint of Green,0577P,"222,226,183"
96,Yellows,Sullivan Hill,0578T,"212,218,159"
96,Yellows,New Meadow,0579T,"198,206,132"
96,Yellows,Kiwi Salad,0580D,"179,192,101"
96,Yellows,Stylish Lime,0581A,"163,175,65"
97,Yellows,Sparkle Glow,0582P,"232,222,211"
97,Yellows,Almond Butter,0583P,"235,213,191"
97,Yellows,Butterscotch Glaze,0584P,"237,202,168"
97,Yellows,Gold Spun,0585T,"235,191,148"
97,Yellows,Sun Coast,0586T,"232,177,123"
97,Yellows,Tuscan Wall,0587D,"222,161,94"
97,Yellows,Beeswax Candle,0588A,"211,143,64"
98,Yellows,Oyster Catcher,0589P,"231,222,211"
98,Yellows,Harvest Wreath,0590P,"234,214,191"
98,Yellows,He Loves Me,0591P,"234,203,167"
98,Yellows,Amarula,0592T,"230,192,146"
98,Yellows,Turkish Tart,0593T,"224,180,122"
98,Yellows,Golden Syrup,0594D,"215,163,93"
98,Yellows,Millionaire Gold,0595A,"202,145,62"
99,Yellows,Cuttlefish,0596P,"233,223,211"
99,Yellows,Ocean Salt,0597P,"231,214,189"
99,Yellows,Thatch,0598P,"230,205,167"
99,Yellows,Banana Desert,0599T,"225,193,145"
99,Yellows,Light Butterscotch,0600T,"220,181,122"
99,Yellows,Desert Daisy,0601D,"210,165,94"
99,Yellows,Gold Cadillac,0602A,"196,151,64"
100,Yellows,Ivory White,0603P,"229,221,209"
100,Yellows,Acacia,0604P,"230,214,187"
100,Yellows,Yellow Mystery,0605P,"228,206,164"
100,Yellows,Beach Sand Dune,0606T,"226,199,143"
100,Yellows,Glorious Gold,0607T/D,"220,188,115"
100,Yellows,Gold Finch,0608D,"210,173,88"
100,Yellows,Grecian Gold,0609A,"196,156,58"
101,Yellows,Happy Ending,0610P,"229,223,212"
101,Yellows,Saffron Tint,0611P,"227,216,192"
101,Yellows,Pear Fantasy,0612P,"221,206,169"
101,Yellows,Glowing Light,0613T,"215,195,145"
101,Yellows,Peak Season,0614T,"206,186,124"
101,Yellows,Fool’s Paradise,0615D,"193,170,96"
101,Yellows,Tangy Glow,0616A,"181,155,65"
102,Yellows,Fresh Scent,0617P,"225,221,209"
102,Yellows,Spring Sprout,0618P,"224,217,193"
102,Yellows,Cream Of Asparagus,0619P,"216,208,172"
102,Yellows,Comfortable Lime,0620T,"208,199,149"
102,Yellows,Lime Time,0621T,"196,186,126"
102,Yellows,Lime Juice,0622D,"183,172,98"
102,Yellows,Ageless Lime,0623A,"167,155,70"
103,Yellows,Shades of Pale,0624P,"226,225,212"
103,Yellows,Georgia on My Mind,0625P,"216,217,193"
103,Yellows,Lily Pad Home,0626P,"204,207,172"
103,Yellows,Floating Island,0627T,"194,199,151"
103,Yellows,Lovely Green Valley,0628T/D,"180,186,126"
103,Yellows,Green Heart,0629D,"160,169,99"
103,Yellows,Banana Leaf,0630A,"141,152,70"
104,Yellows,Pale Linen,0631P,"222,209,198"
104,Yellows,Palest Blossom,0632P,"215,193,174"
104,Yellows,Pretzel,0633T,"208,180,155"
104,Yellows,Summer's Wheat,0634T,"202,169,134"
104,Yellows,Russo Gold,0635D,"190,152,110"
104,Yellows,Blue Gum Honey,0636D,"183,137,89"
104,Yellows,Spanish Gold,0637A,"174,124,68"
105,Yellows,Delicate White,0638P,"220,208,196"
105,Yellows,Bleached Baobab,0639P,"215,195,174"
105,Yellows,Dry Gold,0640T,"204,181,153"
105,Yellows,Pale Honey,0641T,"198,170,133"
105,Yellows,Fuzzy Duck,0642D,"187,154,109"
105,Yellows,Gold Tweed,0643D,"178,140,88"
105,Yellows,Golden Harvest,0644A,"171,128,67"
106,Yellows,Ivory Snow,0645P,"221,211,198"
106,Yellows,Springbok Chest,0646P,"214,197,175"
106,Yellows,Organdy,0647T,"205,184,154"
106,Yellows,Clover Honey,0648T,"193,169,134"
106,Yellows,Egoli,0649D,"182,154,109"
106,Yellows,Sea Point,0650D,"173,141,89"
106,Yellows,Bag 'O Gold,0651A,"164,131,70"
107,Yellows,Afternoon Shower,0652P,"220,211,197"
107,Yellows,My Magnolia,0653P,"212,199,176"
107,Yellows,River Reeds,0654T,"202,184,151"
107,Yellows,Sweet Angelica,0655T,"197,173,130"
107,Yellows,Money Tree,0656D,"184,159,106"
107,Yellows,Colonial Yellow,0657A,"174,144,81"
107,Yellows,Wanda,0658A,"163,135,63"
108,Yellows,Sheepish,0659P,"220,214,202"
108,Yellows,Parmesan Sauce,0660P,"210,200,178"
108,Yellows,Acid Washed,0661T,"198,186,156"
108,Yellows,Glime,0662T,"186,173,135"
108,Yellows,Golden Lake,0663D,"174,159,113"
108,Yellows,Eco Terra,0664D,"161,145,91"
108,Yellows,Grassy Knoll,0665A,"152,132,70"
109,Yellows,Swan Hills,0666P,"218,213,200"
109,Yellows,Fragrant Day,0667P,"204,199,177"
109,Yellows,Mount Pearl,0668T,"192,187,157"
109,Yellows,Yuma Gold,0669T,"182,176,138"
109,Yellows,Green Gold,0670D,"167,160,114"
109,Yellows,Kalamkari,0671D,"153,144,92"
109,Yellows,Green with Envy,0672A,"144,136,71"
110,Yellows,Tiny Bubbles,0673P,"215,214,201"
110,Yellows,Good Green Tea,0674P,"199,199,177"
110,Yellows,Phantom Moss,0675T,"183,186,155"
110,Yellows,Cape Moss,0676T,"169,171,136"
110,Yellows,Aloe Leaf,0677D,"154,159,114"
110,Yellows,Distant Trees,0678D,"139,144,92"
110,Yellows,Crack Willow,0679A,"122,130,69"
111,Yellows,Incan Treasure,0680P,"212,200,189"
111,Yellows,Country Mushroom,0681P,"198,184,171"
111,Yellows,Brocade Silk,0682T,"184,168,152"
111,Yellows,Bushbuck,0683T,"176,156,136"
111,Yellows,Hayseed,0684D,"163,137,112"
111,Yellows,Tea Cookie,0685D,"151,121,90"
111,Yellows,Whispering Birch,0686A,"138,104,69"
112,Yellows,Veldrift,0687P,"211,201,189"
112,Yellows,Stone Wash,0688P,"198,184,170"
112,Yellows,Waxen Tint,0689T,"184,168,150"
112,Yellows,Old Cobblestone,0690T,"172,154,132"
112,Yellows,Gold Estate,0691D,"162,139,112"
112,Yellows,Ochre Rust,0692D,"147,120,90"
112,Yellows,Rich Rewards,0693A,"137,108,70"
113,Yellows,Ivory Parchment,0694P,"210,200,188"
113,Yellows,Ivory Ridge,0695P,"196,185,170"
113,Yellows,Beach Wood,0696T,"182,168,150"
113,Yellows,Pale Yarrow,0697T,"170,154,131"
113,Yellows,Wacky Khaki,0698D,"158,140,113"
113,Yellows,Coin Purse,0699D,"143,124,91"
113,Yellows,Gold Olive,0700A,"132,111,78"
114,Yellows,Resplendent,0701P,"206,199,186"
114,Yellows,Lightning,0702P,"196,186,169"
114,Yellows,Bright Idea,0703T,"181,170,149"
114,Yellows,Rutherford,0704T,"171,158,133"
114,Yellows,High Prairie,0705D,"157,141,110"
114,Yellows,Paradise Hill,0706D,"146,127,90"
114,Yellows,Mount Olive,0707A,"141,120,78"
115,Yellows,French Chartreuse,0708P,"208,202,189"
115,Yellows,Mosaic,0709P,"194,187,171"
115,Yellows,Antique Linen,0710T,"180,172,152"
115,Yellows,Abbeystone,0711T,"166,158,135"
115,Yellows,Secret Place,0712D,"152,141,113"
115,Yellows,Urban Charm,0713D,"137,125,92"
115,Yellows,Rocking Mountain,0714A,"127,113,74"
116,Yellows,Clarens Stone,0715P,"204,201,187"
116,Yellows,Fades in the Air,0716P,"191,187,172"
116,Yellows,Veridiana,0717T,"177,173,154"
116,Yellows,Dune Grass,0718T,"162,156,134"
116,Yellows,Salvador,0719D,"145,141,113"
116,Yellows,Baby Sprout,0720D,"134,127,94"
116,Yellows,Frog Pond,0721A,"118,113,72"
117,Yellows,Pale Thyme,0722P,"202,201,188"
117,Yellows,Majestic Beauty,0723P,"185,186,169"
117,Yellows,Clover Patch,0724T,"171,172,152"
117,Yellows,Manitoba Magic,0725T/D,"151,153,131"
117,Yellows,Willow Leaf Bay,0726D,"136,137,110"
117,Yellows,Lucky Four Leaf,0727A,"120,122,91"
117,Yellows,Monster Green,0728A,"106,109,70"
118,Yellows,Daphne’s Dream,0729P,"199,188,178"
118,Yellows,Cement Wash,0730T,"181,170,159"
118,Yellows,Maison Blanche,0731T,"164,152,141"
118,Yellows,Baby Elephant,0732T/D,"149,136,125"
118,Yellows,Madonna City,0733D,"133,119,106"
118,Yellows,Dung Beetle,0734D,"119,104,89"
118,Yellows,Mother Earth,0735A,"105,87,69"
119,Yellows,Artist’s Canvas,0736P,"200,191,181"
119,Yellows,Soap Bubble,0737T,"180,171,159"
119,Yellows,Bauhaus,0738T,"163,153,142"
119,Yellows,Touchstone,0739T/D,"150,138,126"
119,Yellows,Moss Gold,0740D,"135,123,109"
119,Yellows,Hide n Seek,0741D,"117,103,88"
119,Yellows,Mud Bath,0742A,"105,89,71"
120,Yellows,Fresh Linen,0743P,"197,188,177"
120,Yellows,Ageless,0744T,"181,172,161"
120,Yellows,Hollyhock,0745T,"161,152,140"
120,Yellows,Corinthian Pillar,0746T/D,"147,138,126"
120,Yellows,Dirty Khaki,0747D,"129,120,106"
120,Yellows,Walking Stick,0748A,"116,105,88"
120,Yellows,Jungle Pride,0749A,"102,90,72"
121,Yellows,Evasive White,0750P,"198,191,180"
121,Yellows,Houri,0751T,"179,172,159"
121,Yellows,Samovar,0752T,"166,158,145"
121,Yellows,Marshy Habitat,0753T/D,"146,139,124"
121,Yellows,Passage Way,0754D,"132,123,107"
121,Yellows,Hideout,0755A,"116,105,87"
121,Yellows,Ranchero,0756A,"103,92,69"
122,Yellows,Amazon Mist,0757P,"196,190,178"
122,Yellows,Castle Stone,0758T,"178,172,160"
122,Yellows,Whishing Well,0759T,"160,155,143"
122,Yellows,London Haze,0760T/D,"144,139,125"
122,Yellows,Starlight Express,0761D,"129,122,107"
122,Yellows,Petrified Forest,0762A,"113,106,89"
122,Yellows,Sea Weed Wrap,0763A,"98,89,69"
123,Yellows,Moth Mist,0764P,"192,189,177"
123,Yellows,Aged Aloe,0765T,"176,172,160"
123,Yellows,Butterfly Wing,0766T,"159,155,143"
123,Yellows,Speak to Me,0767T/D,"142,139,125"
123,Yellows,Jungle Dream,0768D,"124,121,106"
123,Yellows,Moss Island,0769A,"109,106,89"
123,Yellows,Olive Stone,0770A,"93,89,69"
124,Yellows,Bleached Meadow,0771P,"193,193,180"
124,Yellows,Mallorca,0772T,"174,174,162"
124,Yellows,Mirrowed Willow,0773T,"156,157,143"
124,Yellows,Pleasant Hill,0774T/D,"139,140,126"
124,Yellows,Palm Springs,0775D,"122,122,108"
124,Yellows,Wood Shadow,0776A,"104,105,89"
124,Yellows,Knysna Forest,0777A,"88,89,71"
125,Greens,Sweet Spring,0778P,"222,230,211"
125,Greens,Mint Whisper,0779P,"225,232,208"
125,Greens,Delicious,0780P,"208,224,184"
125,Greens,De-Lovely,0781T,"193,214,159"
125,Greens,Divine Green,0782T,"175,204,134"
125,Greens,Citrus Splash,0783D,"154,188,104"
125,Greens,Daring Lime,0784A,"129,171,71"
126,Greens,Snow Green,0785P,"230,236,225"
126,Greens,Whispy Mint,0786P,"217,231,210"
126,Greens,Bay Green,0787P,"201,227,189"
126,Greens,Isle of Green,0788T,"177,214,165"
126,Greens,Belladonna Green,0789T,"153,201,141"
126,Greens,Green Light Go,0790D,"126,182,110"
126,Greens,Granny Apple,0791A,"100,164,83"
127,Greens,Baby Mint,0792P,"227,236,224"
127,Greens,Tender Shoots,0793P,"212,232,214"
127,Greens,Misty Meadow,0794P,"189,224,194"
127,Greens,Green Jubilee,0795T,"166,212,174"
127,Greens,Totally Cool,0796T,"135,197,148"
127,Greens,Sleepy Village,0797D,"106,179,122"
127,Greens,Jungle,0798A,"67,155,90"
128,Greens,Minty,0799P,"227,234,225"
128,Greens,Mint Ice Cream,0800P,"211,233,218"
128,Greens,Silky Mint,0801P,"181,223,198"
128,Greens,Cool Spring,0802T,"152,209,178"
128,Greens,Refresh,0803T,"119,194,157"
128,Greens,Palm Frond,0804D,"78,173,128"
128,Greens,Golf Greens,0805A,"24,148,100"
129,Greens,Sweet Ariel,0806P,"227,235,229"
129,Greens,Island Breeze,0807P,"209,233,222"
129,Greens,Eastern Wind,0808P,"178,221,206"
129,Greens,Green Bubbles,0809T,"143,208,189"
129,Greens,Happy Tone,0810T,"108,194,170"
129,Greens,Aqua Waters,0811D,"59,172,144"
129,Greens,Mayor Green,0812A,"0,149,121"
130,Greens,Diomede,0813P,"227,237,231"
130,Greens,Light Blue Green,0814P,"205,231,225"
130,Greens,Surf's Surprise,0815P,"173,223,213"
130,Greens,Aqua Pool,0816T,"138,209,198"
130,Greens,Bethany Green,0817T,"100,192,180"
130,Greens,Cabana,0818D,"40,171,159"
130,Greens,Teal Tide,0819A,"0,152,139"
131,Greens,Arctic Glacier,0820P,"223,235,232"
131,Greens,Gen Teal,0821P,"202,230,228"
131,Greens,Turquoise Sky,0822P,"171,221,217"
131,Greens,Ocean Motion,0823P,"139,210,208"
131,Greens,Ocean Jewel,0824T,"106,194,194"
131,Greens,Caribbean Sea,0825D,"27,170,171"
131,Greens,Paradiso,0826A,"0,150,152"
132,Greens,Hint of White,0827P,"222,225,212"
132,Greens,Absolutely,0828P,"209,218,194"
132,Greens,Countour Green,0829P,"195,207,172"
132,Greens,Scent of Pine,0830T,"180,197,151"
132,Greens,Garden by Moonlight,0831T/D,"163,184,129"
132,Greens,Maiden Grass,0832D,"139,167,104"
132,Greens,Just About Green,0833A,"119,149,72"
133,Greens,Delicate Vine Leaf,0834P,"220,226,214"
133,Greens,Cactus Pete,0835P,"203,218,196"
133,Greens,Aloe Vera Leaf,0836P,"186,207,176"
133,Greens,Aspen Meadow,0837T,"167,197,158"
133,Greens,Cyprus Breeze,0838T/D,"150,183,135"
133,Greens,Irish Hills,0839D,"123,165,110"
133,Greens,Green Mumba,0840A,"97,143,80"
134,Greens,Garden Scent,0841P,"216,227,216"
134,Greens,Greenland,0842P,"199,219,201"
134,Greens,Creamy Cucumber,0843P,"177,207,181"
134,Greens,New Beginnings,0844T,"153,193,161"
134,Greens,Village,0845T,"135,180,141"
134,Greens,Full of Blarney,0846D,"104,162,118"
134,Greens,Garland Green,0847A,"72,137,85"
135,Greens,Daiquiri Cream,0848P,"217,228,218"
135,Greens,Mint Touch,0849P,"195,217,202"
135,Greens,Cool Watercress,0850P,"173,208,188"
135,Greens,Clover Tint,0851T,"145,193,168"
135,Greens,Wildness Mint,0852T,"120,177,147"
135,Greens,Spring Frog,0853D,"92,156,122"
135,Greens,Flower Stem,0854A,"45,131,93"
136,Greens,Snow Maiden,0855P,"213,225,218"
136,Greens,Cape May,0856P,"192,219,209"
136,Greens,Blue Retreat,0857P,"164,205,191"
136,Greens,Zenith Teal,0858T,"138,191,175"
136,Greens,Key West,0859T/D,"110,175,156"
136,Greens,Headwaters,0860D,"78,154,133"
136,Greens,Barbados Bay,0861A,"16,133,108"
137,Greens,Micromint,0862P,"212,227,221"
137,Greens,Sparkling Water,0863P,"189,217,211"
137,Greens,Teal Bubble,0864P,"165,205,198"
137,Greens,Himalaya Sky,0865T,"137,191,182"
137,Greens,Drifting Tide,0866T,"104,176,166"
137,Greens,Green Sweep,0867D,"66,155,144"
137,Greens,Scuba Duba,0868A,"0,133,121"
138,Greens,California's Dreaming,0869P,"213,229,226"
138,Greens,Pastel Tint,0870P,"186,216,213"
138,Greens,Misted Aqua,0871P,"159,204,202"
138,Greens,Impressionist’s Sky,0872T,"134,191,189"
138,Greens,Mermaid Jewel,0873T,"102,176,174"
138,Greens,Sea Garden,0874D,"60,154,154"
138,Greens,Bay Bridge,0875A,"0,134,135"
139,Greens,Desert Spring,0876P,"209,213,199"
139,Greens,Fortune’s Prize,0877P,"190,199,178"
139,Greens,Just Kiwi,0878T,"173,183,155"
139,Greens,Time and Again,0879T,"158,170,135"
139,Greens,Chic Shade,0880D,"139,155,115"
139,Greens,Greenwich,0881A,"122,141,94"
139,Greens,Mulberry Leaf,0882A,"108,127,80"
140,Greens,Translucent Vision,0883P,"206,214,200"
140,Greens,Coming My Way,0884P,"183,197,178"
140,Greens,Nature’s Abundance,0885T,"163,182,157"
140,Greens,Prairie Splendor,0886T/D,"147,168,138"
140,Greens,Ornamental Gardens,0887D,"126,152,116"
140,Greens,Squaw Valley,0888A,"107,138,98"
140,Greens,Dragon’s Hide,0889A,"93,127,79"
141,Greens,Touch of Spring,0890P,"206,216,204"
141,Greens,Serene Oasis,0891P,"181,199,182"
141,Greens,Her Duchess,0892T,"159,183,162"
141,Greens,Perennial,0893T/D,"139,167,142"
141,Greens,Green Shrub,0894D,"116,151,121"
141,Greens,Ground Cover,0895A,"95,135,101"
141,Greens,Hollyhock Garden,0896A,"72,122,82"
142,Greens,Rainforest Dew,0897P,"202,214,205"
142,Greens,Transcendent,0898P,"178,199,186"
142,Greens,Terrace Green,0899T,"152,181,165"
142,Greens,Aspen Forest,0900T/D,"129,165,146"
142,Greens,Cyprus Garden,0901D,"105,147,125"
142,Greens,Caring Land,0902A,"81,130,105"
142,Greens,Hunter’s Prairie,0903A,"59,114,85"
143,Greens,Wintergreen Mist,0904P,"200,216,209"
143,Greens,Powdered Fern,0905P,"174,199,191"
143,Greens,Rolling Hills,0906T,"148,180,170"
143,Greens,Lazy Day,0907T,"126,165,153"
143,Greens,Pleasant Pasture,0908D,"105,149,135"
143,Greens,Green Maiden,0909A,"76,132,116"
143,Greens,Jungle Book,0910A,"47,115,97"
144,Greens,Mediterranean Mist,0911P,"199,217,213"
144,Greens,Ocean Mist,0912P,"172,199,194"
144,Greens,Evening Stroll,0913T,"148,181,175"
144,Greens,You’re a Star,0914T,"123,167,160"
144,Greens,Stairway to Heaven,0915D,"97,148,140"
144,Greens,Peggy's Cove,0916A,"69,132,124"
144,Greens,Caribbean Current,0917A,"35,115,106"
145,Greens,West Coast Mist,0918P,"197,216,213"
145,Greens,Aqua Pura,0919P,"170,199,197"
145,Greens,Singing in the Rain,0920T,"146,181,180"
145,Greens,Lighthouse View,0921T,"121,165,165"
145,Greens,Into the Mystic,0922D,"95,148,147"
145,Greens,Wave Crest,0923D,"69,132,131"
145,Greens,More Oceans,0924A,"36,116,116"
146,Greens,Irish Touch,0925P,"197,202,188"
146,Greens,Mini Green,0926P,"180,186,170"
146,Greens,Touch of Mint,0927T,"164,171,153"
146,Greens,City of Green,0928T/D,"146,155,133"
146,Greens,Spring Forest,0929D,"130,139,113"
146,Greens,Scottish Summer,0930A,"111,123,92"
146,Greens,Juniper Forest,0931A,"100,109,70"
147,Greens,Shutter Green,0932P,"195,202,189"
147,Greens,Mint Julip,0933P,"177,187,172"
147,Greens,Green Moor,0934T,"158,171,154"
147,Greens,New Lawn,0935T/D,"139,154,134"
147,Greens,Cool Grass,0936D,"122,136,114"
147,Greens,Western Meadow,0937A,"103,121,94"
147,Greens,Majestic Mountain,0938A,"84,106,75"
148,Greens,Filtered Forest,0939P,"192,204,192"
148,Greens,Graceful Green,0940P,"174,187,174"
148,Greens,Camille,0941T,"153,170,156"
148,Greens,Kelly Key,0942T/D,"134,152,135"
148,Greens,Cheerful Green,0943D,"111,132,114"
148,Greens,Jumping Jiminy,0944A,"95,120,98"
148,Greens,Conifer,0945A,"76,103,77"
149,Greens,Gentle Caress,0946P,"193,206,197"
149,Greens,Hint of Mint,0947P,"168,184,175"
149,Greens,Rain Puddle,0948T,"149,169,158"
149,Greens,Shady,0949T/D,"130,152,139"
149,Greens,Green Song,0950D,"109,134,119"
149,Greens,Forest Found,0951A,"89,119,102"
149,Greens,Vineyard Green,0952A,"67,102,82"
150,Greens,Jade Glow,0953P,"192,207,200"
150,Greens,Teal Tower,0954P,"169,187,180"
150,Greens,Two for Teal,0955T,"150,171,163"
150,Greens,Bleu Verte,0956T/D,"126,151,143"
150,Greens,Misty Magic,0957D,"106,134,125"
150,Greens,Abbey Garden,0958A,"82,117,106"
150,Greens,Emerald Shimmer,0959A,"58,100,88"
151,Greens,Seafoam Mist,0960P,"187,204,200"
151,Greens,Aqua Dream,0961T,"164,183,180"
151,Greens,Sea Sphinx,0962T,"146,169,165"
151,Greens,Abstract Aqua,0963T/D,"124,150,145"
151,Greens,Watery Sea,0964D,"101,132,126"
151,Greens,Worn Sea Glass,0965A,"80,116,110"
151,Greens,Deep Sea Dive,0966A,"54,100,94"
152,Greens,Bali Bay,0967P,"188,207,205"
152,Greens,Tumbling Waterfalls,0968P,"164,185,184"
152,Greens,Filtered Aqua,0969T,"145,171,169"
152,Greens,Smooth Waters,0970T,"125,150,149"
152,Greens,Sea Lyric,0971D,"99,132,131"
152,Greens,Regatta Race,0972A,"78,116,115"
152,Greens,Sea Quarry,0973A,"53,100,100"
153,Greens,White Opal,0974P,"188,191,178"
153,Greens,Cloverdale,0975T,"171,175,163"
153,Greens,Midland’s Marsh,0976T,"154,158,146"
153,Greens,Ocean Grotto,0977D,"135,138,125"
153,Greens,Green Fog,0978D,"116,121,107"
153,Greens,Garden Hedge,0979A,"97,104,87"
153,Greens,Garden Seat,0980A,"85,91,72"
154,Greens,Cucumber Flesh,0981P,"187,194,183"
154,Greens,Dried Mint,0982T,"166,173,162"
154,Greens,Briar Green,0983T,"148,157,146"
154,Greens,Dilly,0984D,"128,137,125"
154,Greens,Alligator,0985D,"112,121,108"
154,Greens,Olive,0986A,"95,104,89"
154,Greens,Deep Dragon,0987A,"78,87,72"
155,Greens,Petite White,0988P,"185,194,184"
155,Greens,Evening Glade,0989T,"162,173,164"
155,Greens,Elfin Magic,0990T,"146,158,148"
155,Greens,Green Stone,0991T/D,"126,138,128"
155,Greens,Feather Ferns,0992D,"109,119,108"
155,Greens,Moss Touch,0993A,"90,101,90"
155,Greens,Jungle Adventure,0994A,"72,86,72"
156,Greens,Aqueous,0995P,"182,195,186"
156,Greens,Tingle Green,0996T,"159,173,165"
156,Greens,Maison Verte,0997T,"143,156,149"
156,Greens,Misty Mountain,0998T/D,"123,137,129"
156,Greens,Mohala,0999D,"105,119,111"
156,Greens,Octavius,1000A,"87,103,94"
156,Greens,Mount Everest,1001A,"71,86,76"
157,Greens,Crystal Ball,1002P,"179,193,187"
157,Greens,Silent Sea,1003T,"159,175,168"
157,Greens,Julianne Jade,1004T,"142,157,150"
157,Greens,Evening Grass,1005T/D,"119,136,130"
157,Greens,Ridge,1006D,"102,119,113"
157,Greens,Night Whisper,1007A,"87,104,98"
157,Greens,Monsoon Lagoon,1008A,"64,85,77"
158,Greens,Sea Ghost,1009P,"175,191,187"
158,Greens,Ocean Fog,1010T,"158,173,170"
158,Greens,Spruce,1011T,"138,156,133"
158,Greens,Garden City,1012D,"119,136,133"
158,Greens,Garden Shade,1013D,"101,118,115"
158,Greens,Rogue,1014A,"85,103,98"
158,Greens,Amazon Jungle,1015A,"65,83,79"
159,Greens,Slate Tint,1016P,"176,193,192"
159,Greens,Drifting Skies,1017T,"158,174,173"
159,Greens,Grenville,1018T,"137,155,155"
159,Greens,Maui Beach,1019T/D,"118,136,135"
159,Greens,Distant Storm,1020D,"100,119,118"
159,Greens,Night’s Delight,1021A,"81,100,98"
159,Greens,Cape Cliffs,1022A,"64,84,83"
160,Blues,Diamond White,1023P,"223,234,232"
160,Blues,Swandive,1024P,"200,228,228"
160,Blues,Ella’s Eyes,1025P,"169,217,221"
160,Blues,What an Ispiration,1026P,"140,208,214"
160,Blues,Granada Bay,1027T,"102,193,202"
160,Blues,Neon Blue,1028D,"35,168,180"
160,Blues,Galaxy Blue,1029A,"0,148,162"
161,Blues,Captivate,1030P,"218,231,232"
161,Blues,Decide,1031P,"201,227,232"
161,Blues,Soft Sail,1032P,"173,216,226"
161,Blues,Blue Bottle Blue,1033P,"138,205,219"
161,Blues,Wonder Lake,1034T,"106,189,207"
161,Blues,Sporty Blue,1035D,"49,165,189"
161,Blues,Triumph Blue,1036A,"0,149,172"
162,Blues,Diamond White,1037P,"219,230,232"
162,Blues,Snowshow,1038P,"204,226,232"
162,Blues,Blue Bells,1039P,"178,217,232"
162,Blues,Blue Wing,1040P,"147,204,224"
162,Blues,Blue for You,1041T,"109,187,216"
162,Blues,Angela Bay,1042T/D,"55,164,197"
162,Blues,Monet Magic,1043A,"0,140,174"
163,Blues,Heavenly Dew,1044P,"222,229,231"
163,Blues,Still Water,1045P,"205,223,230"
163,Blues,Athena’s Dream,1046P,"180,214,230"
163,Blues,Surfing Sarah,1047P,"149,200,225"
163,Blues,Cullen Cove,1048T,"113,183,214"
163,Blues,Davey Wavey,1049T/D,"57,160,199"
163,Blues,Pristine Blue,1050A,"0,135,176"
164,Blues,Blue Sparkles,1051P,"222,228,231"
164,Blues,Powdered Blue,1052P,"205,221,229"
164,Blues,Mamello,1053P,"182,210,228"
164,Blues,Blue Sky,1054P,"157,199,226"
164,Blues,Blue Bay,1055T,"124,182,219"
164,Blues,Dylan’s Blue,1056D,"72,151,196"
164,Blues,North Sea,1057A,"0,124,173"
165,Blues,Cloud Number Nine,1058P,"220,226,231"
165,Blues,Blue Bliss,1059P,"211,220,231"
165,Blues,Sheila's Promise,1060P,"187,207,229"
165,Blues,Periwinkle Palace,1061P,"157,190,223"
165,Blues,Ari Bay,1062T,"125,168,207"
165,Blues,Love Bird,1063T/D,"86,143,194"
165,Blues,Greek Island,1064A,"37,115,172"
166,Blues,Mussel White,1065P,"220,223,229"
166,Blues,Snow Iris,1066P,"210,217,230"
166,Blues,China Cup,1067P,"193,204,228"
166,Blues,Dutch Crocus,1068P,"165,185,222"
166,Blues,Eyes of Iris,1069T,"137,165,209"
166,Blues,Blue Violet Ray,1070T/D,"100,136,191"
166,Blues,Saphire,1071A,"56,105,164"
167,Blues,Prism,1072P,"208,225,224"
167,Blues,Pottery Blue,1073P,"185,216,217"
167,Blues,Mystic Fog,1074P,"159,203,206"
167,Blues,Luna Moona,1075T,"131,189,195"
167,Blues,Azurean Sea,1076T,"102,173,180"
167,Blues,Noble Blue,1077D,"63,151,162"
167,Blues,Tuscana Blue,1078A,"0,127,138"
168,Blues,Fluid White,1079P,"211,226,227"
168,Blues,Hidden Stream,1080P,"186,211,217"
168,Blues,Baby Bird Blue,1081P,"162,201,209"
168,Blues,Frozen Stream,1082T,"133,187,199"
168,Blues,Luxor,1083T,"103,171,187"
168,Blues,Milano Blue,1084D,"64,148,166"
168,Blues,Indo Grotto,1085A,"0,127,148"
169,Blues,Atmosphere,1086P,"213,224,227"
169,Blues,Bird's Egg,1087P,"187,212,222"
169,Blues,Tropic Breeze,1088P,"164,201,214"
169,Blues,New Pier,1089T,"140,187,205"
169,Blues,Inuendo,1090T,"113,169,191"
169,Blues,Winter Storm,1091D,"73,146,172"
169,Blues,Clouded Cover,1092A,"15,123,152"
170,Blues,Windstar,1093P,"213,223,227"
170,Blues,Dreamcacther,1094P,"190,211,220"
170,Blues,Blue Grace,1095P,"168,199,214"
170,Blues,Southwest Sky,1096T,"138,183,203"
170,Blues,Pisces,1097T,"112,166,192"
170,Blues,Drew,1098D,"76,143,173"
170,Blues,North Beach,1099A,"21,116,151"
171,Blues,Whimsical White,1100P,"210,220,225"
171,Blues,Desert Water,1101P,"194,212,223"
171,Blues,Winter Sky,1102P,"169,196,216"
171,Blues,Spa Blue,1103T,"145,182,207"
171,Blues,Blue Reef,1104T,"118,161,190"
171,Blues,Stormy Bay,1105D,"83,138,174"
171,Blues,Atlantic Beach,1106A,"36,111,152"
172,Blues,Bells in the Snow,1107P,"218,225,231"
172,Blues,Space Box,1108P,"196,210,224"
172,Blues,Bellaggio Blue,1109P,"175,195,216"
172,Blues,Velvet Coast,1110T,"151,176,205"
172,Blues,Ocean Drive,1111T,"124,157,190"
172,Blues,Windblown,1112D,"92,132,172"
172,Blues,Lapis Blue,1113A,"52,105,150"
173,Blues,Mineral Water,1114P,"218,220,229"
173,Blues,Violet Mirage,1115P,"203,211,227"
173,Blues,Cool Idea,1116P,"180,193,217"
173,Blues,Charlie,1117P,"158,173,203"
173,Blues,Blue Dale,1118T,"133,153,190"
173,Blues,Dover Cliffs,1119D,"100,125,166"
173,Blues,Deep Sea Reef,1120A,"65,97,144"
174,Blues,Ocean Crystal,1121P,"195,215,215"
174,Blues,Lazy Afternoon,1122P,"171,198,199"
174,Blues,Lake Placid,1123T,"139,177,181"
174,Blues,Azurbeen,1124T,"121,164,169"
174,Blues,Juneau,1125D,"93,146,153"
174,Blues,Stormy Forecast,1126D,"68,130,137"
174,Blues,Dark Sea,1127A,"37,113,121"
175,Blues,Ice Flow,1128P,"198,214,217"
175,Blues,Crystal Sea,1129P,"171,196,201"
175,Blues,Jessie’s Blue,1130T,"147,179,186"
175,Blues,Casa del Mar,1131T,"123,163,173"
175,Blues,Mountain Stream,1132T/D,"99,146,157"
175,Blues,Atlantis Cliff,1133D,"67,126,138"
175,Blues,Atlantic Ocean,1134A,"37,110,127"
176,Blues,Graaff-Reinet,1135P,"195,212,217"
176,Blues,Serene Setting,1136P,"166,193,202"
176,Blues,Westerly,1137T,"141,174,186"
176,Blues,Bashful Blue,1138T,"123,161,175"
176,Blues,Stone Cold,1139D,"97,142,157"
176,Blues,Evening Shower,1140D,"74,124,144"
176,Blues,Atlantic Storm,1141A,"46,109,130"
177,Blues,In the Rain,1142P,"199,213,219"
177,Blues,Mellow Blue,1143P,"174,193,201"
177,Blues,Park Water,1144T,"144,173,187"
177,Blues,Honky Tonk Blue,1145T,"123,158,174"
177,Blues,Deep Tide,1146T/D,"98,141,161"
177,Blues,Granite Falls,1147D,"70,121,144"
177,Blues,Storm Cloud,1148A,"47,105,130"
178,Blues,Crushed Ice,1149P,"202,213,220"
178,Blues,Stardust,1150P,"179,193,204"
178,Blues,Overlook,1151T,"149,173,189"
178,Blues,Dusky Mood,1152T,"126,155,174"
178,Blues,Providence,1153D,"103,137,160"
178,Blues,Dark Sky,1154D,"81,118,143"
178,Blues,Blue Dephts,1155A,"56,101,129"
179,Blues,White Balloon,1156P,"204,213,222"
179,Blues,Mystic Morn,1157P,"181,192,206"
179,Blues,Glint of Aluminium,1158T,"157,174,192"
179,Blues,Silver Ingot,1159T,"132,153,175"
179,Blues,Cool Marble,1160D,"107,133,159"
179,Blues,Blueprint,1161D,"84,114,143"
179,Blues,Oceanos,1162A,"58,95,127"
180,Blues,Beacon Fog,1163P,"208,212,224"
180,Blues,Luna Light,1164P,"179,189,204"
180,Blues,Smoky Day,1165T,"159,170,189"
180,Blues,Aerospace,1166T,"138,150,174"
180,Blues,Gifted,1167D,"112,128,155"
180,Blues,Whirlwind,1168D,"91,110,140"
180,Blues,Eye of the Storm,1169A,"69,89,123"
181,Blues,Tidal Pool,1170P,"182,202,202"
181,Blues,Comfort Blue,1171T,"160,184,185"
181,Blues,Aqua Bubble,1172T,"141,166,168"
181,Blues,Scuba Diver,1173T,"120,149,151"
181,Blues,Dark Jade,1174D,"99,130,133"
181,Blues,Bermuda Shore,1175D,"76,115,118"
181,Blues,Deep Abyss,1176A,"51,100,103"
182,Blues,Snow Glory,1177P,"185,201,204"
182,Blues,Adonis Blue,1178P,"164,182,186"
182,Blues,Spring Serenade,1179T,"144,165,170"
182,Blues,Azure Like It,1180T,"125,150,156"
182,Blues,Blue Eyed Sailor,1181D,"102,129,135"
182,Blues,River God,1182D,"80,113,121"
182,Blues,Undersea Blue,1183A,"55,98,107"
183,Blues,Twin Crystal,1184P,"188,203,207"
183,Blues,Quiet Peace,1185P,"165,182,188"
183,Blues,Blue Dusk,1186T,"144,164,171"
183,Blues,Rhapsody in Blue,1187T,"126,148,156"
183,Blues,Babbling Creek,1188D,"104,130,140"
183,Blues,Deep Eyes,1189D,"85,112,122"
183,Blues,Sea Adventure,1190A,"60,97,110"
184,Blues,Diamond Girl,1191P,"191,203,208"
184,Blues,Frosted Edge,1192T,"164,179,186"
184,Blues,Splash,1193T,"148,166,173"
184,Blues,Calm Interlude,1194T,"126,147,157"
184,Blues,Electric Shock,1195D,"103,128,140"
184,Blues,Paradise City,1196D,"83,111,123"
184,Blues,Adventure,1197A,"60,94,109"
185,Blues,Blue Frost,1198P,"190,201,209"
185,Blues,Ice Land,1199P,"167,179,189"
185,Blues,North Island,1200T,"148,162,173"
185,Blues,Meridian Blue,1201T,"128,144,157"
185,Blues,Blue Vista,1202D,"107,125,139"
185,Blues,Splashing Pond,1203D,"84,107,122"
185,Blues,Neptune’s Castle,1204A,"62,90,108"
186,Blues,Water Dance,1205P,"192,201,210"
186,Blues,Shallow Sea,1206P,"171,181,191"
186,Blues,Baby Porpoise,1207T,"149,160,173"
186,Blues,Tidal Wave,1208T,"130,143,157"
186,Blues,Haley’s Cove,1209D,"107,122,137"
186,Blues,Ocean Melody,1210D,"90,106,123"
186,Blues,Nautilous,1211A,"65,86,107"
187,Blues,Evening Moon,1212P,"196,203,214"
187,Blues,Job’s Tears,1213P,"174,180,192"
187,Blues,Little Button Blue,1214T,"152,159,174"
187,Blues,Fragrant Flower,1215T,"135,143,159"
187,Blues,Polar Pond,1216D,"114,121,139"
187,Blues,Berry Stain,1217D,"92,102,121"
187,Blues,Blueberry Ripple,1218A,"69,82,105"
188,Blues,Feathery,1219P,"173,193,194"
188,Blues,Ocean Spirit,1220T,"154,171,173"
188,Blues,Gray Saturday,1221T,"138,157,158"
188,Blues,Silver Charm,1222T/D,"119,137,138"
188,Blues,Grounded,1223D,"101,119,120"
188,Blues,Meteor,1224A,"82,101,102"
188,Blues,Blue Jet,1225A,"65,85,86"
189,Blues,Wintery Haven,1226P,"178,195,197"
189,Blues,Twirl,1227T,"157,173,176"
189,Blues,Sphere,1228T,"140,156,158"
189,Blues,Zen Retreat,1229T/D,"122,138,141"
189,Blues,Smoky Tone,1230D,"101,118,122"
189,Blues,Subtle Shadow,1231A,"82,100,104"
189,Blues,Night Moss,1232A,"64,83,86"
190,Blues,Simple Serenity,1233P,"181,194,199"
190,Blues,Mirage Jet,1234T,"159,173,178"
190,Blues,Night Dove,1235T,"143,157,162"
190,Blues,Bottlenose Dolphin,1236T/D,"123,138,143"
190,Blues,Jungle Mist,1237D,"103,118,124"
190,Blues,Smudge Pot,1238A,"85,100,106"
190,Blues,Pompeii,1239A,"67,82,88"
191,Blues,White Pickets,1240P,"180,191,195"
191,Blues,Morning Fog,1241T,"161,174,180"
191,Blues,Fog Horn,1242T,"140,154,161"
191,Blues,Storm,1243T/D,"121,135,143"
191,Blues,Overcast Days,1244D,"102,115,122"
191,Blues,Urban Rock,1245A,"86,99,106"
191,Blues,Splinter,1246A,"69,82,90"
192,Blues,Whispering,1247P,"179,189,196"
192,Blues,Grimsby,1248T,"162,172,179"
192,Blues,Dancing in the Rain,1249T,"142,152,160"
192,Blues,Rocky Ridge,1250T,"128,137,145"
192,Blues,Gravel Road,1251D,"105,116,124"
192,Blues,Everest Blue,1252D,"88,98,107"
192,Blues,Magic Noire,1253A,"70,80,89"
193,Blues,Igloo,1254P,"183,190,198"
193,Blues,Broken Shell,1255T,"163,170,178"
193,Blues,Smoke Screen,1256T,"145,151,160"
193,Blues,Ocean Liner,1257T/D,"126,133,142"
193,Blues,Smoky Wings,1258D,"107,115,124"
193,Blues,Dusk of Day,1259A,"87,96,105"
193,Blues,Black as Night,1260A,"70,78,88"
194,Blues,Perfect Pearl,1261P,"187,191,201"
194,Blues,Downy Dew,1262T,"167,171,180"
194,Blues,Greybeard,1263T,"143,148,158"
194,Blues,Slate Stone,1264T,"127,133,143"
194,Blues,Shining Armor,1265D,"108,113,122"
194,Blues,Fat Alley Cat,1266D,"90,95,105"
194,Blues,Black Beard,1267A,"71,76,87"
195,Purples,Berry Good,1268P,"226,226,230"
195,Purples,Gentle Violet,1269P,"217,218,230"
195,Purples,Lilac Brush,1270P,"199,203,227"
195,Purples,Scottish Thistle,1271P,"176,184,220"
195,Purples,Cape Plumbago,1272T,"149,159,206"
195,Purples,Taylor Eyes,1273T/D,"115,133,187"
195,Purples,Big Blue Star,1274A,"75,96,155"
196,Purples,Lilac Glaze,1275P,"229,226,229"
196,Purples,Lavender Kisses,1276P,"219,216,230"
196,Purples,Softy Violets,1277P,"206,201,225"
196,Purples,Desert Life,1278P,"186,180,216"
196,Purples,Purple Path,1279T,"161,155,200"
196,Purples,Regal Classic,1280T/D,"127,124,179"
196,Purples,Passion Purple,1281A,"90,87,146"
197,Purples,Amazing Space,1282P,"227,224,229"
197,Purples,Lavender Bubble,1283P,"226,219,231"
197,Purples,Field of Lavender,1284P,"210,200,225"
197,Purples,Purple Palace,1285P,"193,181,214"
197,Purples,Princess Purple,1286T,"170,156,199"
197,Purples,Purple Sequel,1287T/D,"139,122,175"
197,Purples,Regal Bloom,1288D,"104,87,144"
198,Purples,Frosted Violet,1289P,"233,225,229"
198,Purples,Violet Dew,1290P,"227,215,227"
198,Purples,Lavender Veil,1291P,"219,199,222"
198,Purples,Slow Dance,1292P,"201,176,211"
198,Purples,Venetian Violet,1293T,"180,153,196"
198,Purples,Sweetheart Bouchet,1294D,"153,121,172"
198,Purples,Majestic Violet,1295A,"123,86,140"
199,Purples,Violet Pearl,1296P,"233,224,230"
199,Purples,Little Darling,1297P,"231,216,227"
199,Purples,Pink Cashmere,1298P,"226,200,223"
199,Purples,Pink Parade,1299P,"212,177,209"
199,Purples,Wildflower Bouquet,1300T,"189,145,187"
199,Purples,Frosted Plum,1301D,"163,116,165"
199,Purples,Perfect Plum,1302A,"128,81,130"
200,Purples,Angel,1303P,"235,225,228"
200,Purples,Aromatic Breeze,1304P,"236,216,227"
200,Purples,Red Violet Tint,1305P,"232,199,221"
200,Purples,Eyeshadow,1306P,"219,175,204"
200,Purples,Little Girl Pink,1307T,"202,149,186"
200,Purples,Lily Pink,1308D,"178,117,162"
200,Purples,Violet Trace,1309A,"149,81,131"
201,Purples,Angle Gloss,1310P,"237,226,229"
201,Purples,Tiara Pink,1311P,"237,214,222"
201,Purples,Love Andi,1312P,"235,195,213"
201,Purples,Viva la Pink,1313T,"224,174,198"
201,Purples,Pretty Posey,1314T,"211,150,179"
201,Purples,Floral Garden,1315D,"191,117,155"
201,Purples,Magenta Rose,1316A,"161,78,123"
202,Purples,Amethyst Ice,1317P,"222,221,230"
202,Purples,Rain Lily,1318P,"209,209,225"
202,Purples,Fragrant Amelia,1319P,"190,190,212"
202,Purples,Basket of Flowers,1320T,"168,172,201"
202,Purples,Dainty Cornflower,1321T,"144,149,184"
202,Purples,Crested Iris,1322D,"110,120,162"
202,Purples,Twilight Sky,1323A,"79,93,140"
203,Purples,Sea Lavender,1324P,"228,224,230"
203,Purples,Berry Cream,1325P,"209,206,222"
203,Purples,Amazing Grace,1326P,"191,185,210"
203,Purples,Nemesis,1327T,"165,161,194"
203,Purples,Velvet Violet,1328T,"150,143,181"
203,Purples,Purple Sparkle,1329D,"121,116,158"
203,Purples,Jubilee Violet,1330A,"87,84,131"
204,Purples,Queen Anne’s Lace,1331P,"226,222,228"
204,Purples,Aster Tint,1332P,"214,206,219"
204,Purples,Candy Tuft,1333P,"197,188,210"
204,Purples,Lavender Spectacle,1334T,"176,165,193"
204,Purples,Lavender Bikini,1335T,"156,145,180"
204,Purples,Genevieve Song,1336D,"127,115,155"
204,Purples,Sunset Mauve,1337A,"100,85,130"
205,Purples,Snowman,1338P,"229,221,227"
205,Purples,Easter Bunny,1339P,"218,205,218"
205,Purples,Petal Poise,1340P,"202,186,207"
205,Purples,Gypsy Purple,1341T,"182,163,192"
205,Purples,Windflower,1342T,"165,143,178"
205,Purples,Daring Deception,1343D,"140,115,154"
205,Purples,Plum Sensation,1344A,"111,83,128"
206,Purples,Praise Giving,1345P,"231,222,227"
206,Purples,Lady Anne,1346P,"223,206,218"
206,Purples,Royal Palace,1347P,"205,183,205"
206,Purples,Rose Amethyst,1348T,"190,162,189"
206,Purples,Sparkling Plum,1349T,"172,140,171"
206,Purples,Grape Soda,1350D,"150,113,151"
206,Purples,Velvet Pansy,1351A,"122,80,126"
207,Purples,Magenta Red Lips,1352P,"231,219,224"
207,Purples,Jam and Butter,1353P,"226,205,216"
207,Purples,Plum’s the World,1354P,"215,185,203"
207,Purples,Victorian Parlor,1355T,"199,163,186"
207,Purples,Mauvette Shade,1356T,"182,141,169"
207,Purples,Fairy Land,1357D,"157,111,144"
207,Purples,Cloud Terrace,1358A,"134,79,120"
208,Purples,Pink Touch,1359P,"234,219,224"
208,Purples,Rose Mallow,1360P,"227,204,213"
208,Purples,Rare Find,1361P,"220,185,199"
208,Purples,Toe Shoes,1362T,"204,162,182"
208,Purples,Summer Cosmos,1363T,"190,141,165"
208,Purples,Peony Prize,1364D,"170,111,140"
208,Purples,Berry Bright,1365A,"143,79,114"
209,Purples,Imagination,1366P,"211,210,221"
209,Purples,Pebble Path,1367P,"188,189,204"
209,Purples,Stella Maris,1368T,"165,167,188"
209,Purples,Always,1369T,"143,147,172"
209,Purples,Gorgeous Gabi,1370T/D,"120,126,153"
209,Purples,Purple Slate,1371D,"99,106,138"
209,Purples,Night’s Cloak,1372A,"78,85,120"
210,Purples,Odyssey Orchid,1373P,"214,211,219"
210,Purples,Mauve Dust,1374P,"186,183,198"
210,Purples,Bell Flower,1375T,"165,163,183"
210,Purples,Spice Plum,1376T,"148,145,167"
210,Purples,Moss Phlox,1377T/D,"125,121,148"
210,Purples,Angel’s Landing,1378D,"104,100,131"
210,Purples,Midnight Rendezvous,1379A,"87,82,117"
211,Purples,Really Early Light,1380P,"219,212,220"
211,Purples,Windy Day,1381P,"191,184,197"
211,Purples,Grandma’s Favourite,1382T,"173,165,184"
211,Purples,Charming Violet,1383T,"153,144,167"
211,Purples,Plum Illsuion,1384T,"132,122,149"
211,Purples,Antique Plum,1385D,"113,102,132"
211,Purples,Purple Stillettos,1386A,"91,79,114"
212,Purples,Snow Flakes,1387P,"219,210,219"
212,Purples,Heather Ash,1388P,"194,183,197"
212,Purples,Plum Crazy,1389T,"174,161,180"
212,Purples,Granite Rose,1390T,"158,142,165"
212,Purples,Marvellous Magic,1391T/D,"140,121,148"
212,Purples,Playful,1392D,"118,100,128"
212,Purples,Deep Velvet,1393A,"103,81,115"
213,Purples,Dreamer,1394P,"224,211,218"
213,Purples,Dusty Mauve,1395P,"202,186,199"
213,Purples,Warm Violet,1396T,"185,165,182"
213,Purples,Weathered Plum,1397T,"168,145,166"
213,Purples,Cape Grape,1398T/D,"146,121,145"
213,Purples,Grape’s Treasure,1399D,"127,101,128"
213,Purples,Victorian Lace,1400A,"111,79,111"
214,Purples,Vintage Viola,1401P,"225,209,217"
214,Purples,Lavender Memory,1402P,"206,185,198"
214,Purples,Brendan,1403T,"188,162,179"
214,Purples,Grape Ash,1404T,"171,142,162"
214,Purples,Medieval,1405T/D,"151,119,141"
214,Purples,Grape Illusion,1406D,"134,99,124"
214,Purples,Lost Spirit,1407A,"120,80,107"
215,Purples,Morning Side,1408P,"227,209,214"
215,Purples,Shell Crush,1409P,"207,184,194"
215,Purples,Abra Cadabra,1410T,"191,160,174"
215,Purples,Purple Prose,1411T,"172,140,156"
215,Purples,Lockhart,1412T/D,"159,121,140"
215,Purples,Graceful Grape,1413D,"141,100,121"
215,Purples,Burgundy Berry,1414A,"128,80,104"
216,Purples,White Owl,1415P,"200,201,212"
216,Purples,Lady Grey,1416P,"177,179,192"
216,Purples,Gentleman’s Grey,1417T,"156,159,174"
216,Purples,Lightning Sash,1418T,"135,138,155"
216,Purples,Last Light,1419D,"115,118,136"
216,Purples,Quickshot,1420D,"95,97,116"
216,Purples,Revel,1421A,"75,81,103"
217,Purples,Winged Victory,1422P,"201,199,208"
217,Purples,Niagra Mist,1423P,"178,176,188"
217,Purples,Spring Feather,1424T,"158,155,168"
217,Purples,Desolate,1425T,"140,138,152"
217,Purples,Butterfly Bush,1426D,"120,117,134"
217,Purples,Vancouver Dusk,1427D,"99,97,117"
217,Purples,Mysterious Iris,1428A,"78,75,98"
218,Purples,Last Night,1429P,"205,201,209"
218,Purples,Simplicity,1430P,"185,178,189"
218,Purples,Primrose Path,1431T,"161,157,169"
218,Purples,Silver Shell,1432T,"143,138,153"
218,Purples,Screen Gem,1433D,"122,116,133"
218,Purples,Gypsy’s Gown,1434D,"102,96,115"
218,Purples,Night Iris,1435A,"86,78,99"
219,Purples,Moonlit Path,1436P,"206,197,207"
219,Purples,Moonlight Melody,1437P,"186,178,189"
219,Purples,Dove’s Delight,1438T,"166,157,170"
219,Purples,Timeless Classic,1439T,"145,135,150"
219,Purples,Noble Honor,1440D,"124,114,131"
219,Purples,Regal Bearing,1441D,"107,94,112"
219,Purples,Night’s Pride,1442A,"91,76,95"
220,Purples,Crescent Moon,1443P,"209,198,207"
220,Purples,Little Smile,1444P,"190,179,188"
220,Purples,Spiderweb,1445T,"170,158,169"
220,Purples,Sunset Serenade,1446T,"152,137,149"
220,Purples,Purple Salvia,1447T/D,"134,116,132"
220,Purples,Winter Lilac,1448D,"115,96,113"
220,Purples,Purple Geranium,1449A,"100,78,97"
221,Purples,Violet Light,1450P,"212,197,204"
221,Purples,Plum Pudding,1451P,"191,175,184"
221,Purples,Violet Fluff,1452T,"175,158,168"
221,Purples,Satin Lining,1453T,"156,137,149"
221,Purples,Berry Light,1454T/D,"137,115,129"
221,Purples,Cherish the Moment,1455D,"118,95,110"
221,Purples,Romantic Ballad,1456A,"99,73,91"
222,Purples,Paternoster,1457P,"213,196,201"
222,Purples,Lover’s Tryst,1458P,"191,174,181"
222,Purples,Purple Whimsy,1459T,"174,154,161"
222,Purples,Veld Dusk,1460T,"160,137,147"
222,Purples,Wink,1461T/D,"141,115,127"
222,Purples,Purple Secret,1462D,"122,93,106"
222,Purples,Family Jewels,1463A,"106,74,89"
223,Purples,Walk on the Moon,1464P,"188,189,198"
223,Purples,Moon Rock,1465T,"169,171,180"
223,Purples,Revenge,1466T,"148,149,159"
223,Purples,Soft Lead,1467T,"130,132,143"
223,Purples,Grey Archo,1468D,"109,111,121"
223,Purples,Phantom Night,1469A,"91,93,103"
223,Purples,Chalkboard,1470A,"73,75,84"
224,Purples,Purple Pebbles,1471P,"192,189,199"
224,Purples,Steamy,1472T,"171,168,178"
224,Purples,Love Triangle,1473T,"150,149,159"
224,Purples,Platinum Bar,1474T,"132,129,140"
224,Purples,Silvery,1475D,"111,110,120"
224,Purples,Iron Horse,1476A,"93,91,101"
224,Purples,Otter,1477A,"76,73,84"
225,Purples,North Pole,1478P,"193,187,197"
225,Purples,White Castle,1479P,"171,167,176"
225,Purples,Steamy Shadow,1480T,"154,150,159"
225,Purples,Grey Reminder,1481T,"135,131,140"
225,Purples,Silver Airplane,1482D,"113,109,120"
225,Purples,Time Capsule,1483A,"94,90,100"
225,Purples,Shark’s Tail,1484A,"78,73,82"
226,Purples,Smoke Bush,1485P,"195,188,196"
226,Purples,Valliant,1486P,"171,164,173"
226,Purples,Gladiator,1487T,"155,149,158"
226,Purples,White Shark,1488T,"136,129,139"
226,Purples,Sidewalk,1489D,"115,108,117"
226,Purples,Silver Bell,1490D,"99,92,102"
226,Purples,Artist Charcoal,1491A,"81,72,81"
227,Purples,Rainshower,1492P,"198,186,194"
227,Purples,Dried Lavender,1493T,"177,167,175"
227,Purples,Hazy Purple,1494T,"156,147,155"
227,Purples,Flipper,1495T,"138,129,138"
227,Purples,Around Town,1496D,"119,109,117"
227,Purples,Prune Whip,1497D,"102,92,101"
227,Purples,Purple Dusk,1498A,"81,71,80"
228,Purples,Pale Alabaster,1499P,"201,186,193"
228,Purples,Plush,1500T,"175,163,170"
228,Purples,Swallow Tail,1501T,"160,148,155"
228,Purples,Santo Gray,1502T,"141,129,137"
228,Purples,Mysterious,1503D,"121,109,117"
228,Purples,Brown Cow,1504D,"105,92,99"
228,Purples,Rafter,1505A,"84,71,79"
229,Purples,Lavender Sparkle,1506P,"202,185,191"
229,Purples,Heather Dust,1507T,"179,165,171"
229,Purples,Sophie’s Choice,1508T,"161,148,153"
229,Purples,Silky Velvet,1509T,"141,129,136"
229,Purples,Brown Out,1510D,"124,110,116"
229,Purples,Shaded Prune,1511D,"106,91,97"
229,Purples,Dark Antelope,1512A,"91,75,82"
230,Neutrals,Sound of Silence,1513P,"236,236,231"
230,Neutrals,Tears from a Star,1514P,"222,225,223"
230,Neutrals,Behind the Clouds,1515P,"198,202,204"
230,Neutrals,Passing Time,1516T,"163,168,171"
230,Neutrals,Subway Wall,1517D,"113,118,122"
230,Neutrals,Space Oddity,1518A,"86,89,93"
230,Neutrals,Raven Call,1519A,"67,68,69"
231,Neutrals,Clear Vision,1520P,"225,225,222"
231,Neutrals,Promenade,1521P,"204,205,205"
231,Neutrals,Let's Talk Business,1522P,"170,173,177"
231,Neutrals,November Rain,1523T/D,"126,128,132"
231,Neutrals,Moon Walk,1524A,"82,83,86"
231,Neutrals,Nocturnes Owl,1525A,"70,70,71"
231,Neutrals,Bagira Panther,1526A,"64,63,62"
232,Neutrals,Premonition,1527P,"215,214,208"
232,Neutrals,Dream a Dream,1528P,"202,201,196"
232,Neutrals,Urban Mist,1529P,"186,185,181"
232,Neutrals,Secrets Unfold,1530T,"162,164,163"
232,Neutrals,Time Matters,1531T,"133,135,134"
232,Neutrals,Revealing Mystery,1532D,"99,99,97"
232,Neutrals,Deep in the Dark,1533A,"79,78,75"
233,Neutrals,Footsteps,1534P,"224,222,215"
233,Neutrals,Last Rain,1535P,"214,211,205"
233,Neutrals,Earth Grey,1536P,"183,181,176"
233,Neutrals,Concrete,1537T,"160,160,158"
233,Neutrals,On the Road,1538T/D,"133,133,131"
233,Neutrals,Monsoon,1539D,"102,100,97"
233,Neutrals,Carbonized,1540A,"74,70,65"
234,Neutrals,De Ja Vu,1541P,"234,229,219"
234,Neutrals,Marble Grey,1542P,"217,211,200"
234,Neutrals,Solitude,1543P,"195,188,175"
234,Neutrals,Mountain Grey,1544T,"170,167,157"
234,Neutrals,Stormy Sky,1545T/D,"142,138,127"
234,Neutrals,Sense of Grey,1546D,"117,111,99"
234,Neutrals,Daring Grey,1547A,"85,80,69"
235,Neutrals,Secret White,1548P,"241,236,227"
235,Neutrals,Day to Day,1549P,"223,216,204"
235,Neutrals,Comfort Zone,1550P,"213,204,191"
235,Neutrals,Reality Bites,1551T,"179,170,159"
235,Neutrals,Desert Road,1552T,"150,143,135"
235,Neutrals,Earth Miracle,1553D,"116,107,98"
235,Neutrals,Grounding,1554A,"100,89,77"
236,Neutrals,Lasting White,1555P,"230,222,209"
236,Neutrals,Eco Life,1556P,"222,213,197"
236,Neutrals,Timeless,1557P,"210,200,183"
236,Neutrals,Kind Word,1558T,"172,162,149"
236,Neutrals,Far Away,1559T,"153,143,129"
236,Neutrals,Settle Down,1560D,"117,105,91"
236,Neutrals,Old Friend,1561A,"99,87,74"
237,Neutrals,Blessings,1562P,"230,222,212"
237,Neutrals,Resonance,1563P,"216,204,193"
237,Neutrals,A Thousand Years,1564T,"175,163,153"
237,Neutrals,Chateau,1565T,"150,140,130"
237,Neutrals,Fragments,1566D,"138,124,112"
237,Neutrals,Craft,1567D,"120,107,96"
237,Neutrals,Without You,1568A,"100,86,74"
238,Neutrals,Chances,1569P,"220,211,199"
238,Neutrals,Thorn,1570P,"211,202,191"
238,Neutrals,Ordinary Love,1571P,"195,186,174"
238,Neutrals,Elevation,1572T,"168,160,151"
238,Neutrals,Highest Mountain,1573D,"136,127,115"
238,Neutrals,Blur,1574D,"120,111,100"
238,Neutrals,Façade,1575A,"91,84,72"
239,Neutrals,Balance,1576P,"216,206,191"
239,Neutrals,Dawn Beacon,1577P,"201,191,174"
239,Neutrals,Mysterious Ways,1578T,"178,169,156"
239,Neutrals,It's All Right,1579T/D,"152,142,129"
239,Neutrals,Hierarchy,1580D,"134,125,109"
239,Neutrals,Urban Life,1581A,"124,114,99"
239,Neutrals,Synchronicity,1582A,"104,94,79"
240,Neutrals,Make Sense,1583P,"214,209,198"
240,Neutrals,Material World,1584P,"191,185,172"
240,Neutrals,Another Way,1585T,"168,164,154"
240,Neutrals,Stepping Stone,1586D,"141,136,127"
240,Neutrals,On My Way,1587D,"124,118,106"
240,Neutrals,Journey,1588D,"117,110,98"
240,Neutrals,Solid,1589A,"88,83,72"
241,Neutrals,Clarity,1590P,"216,214,207"
241,Neutrals,Nine to Five,1591P,"198,198,194"
241,Neutrals,Ordinary Day,1592T,"160,162,160"
241,Neutrals,Troubled Water,1593T/D,"133,134,132"
241,Neutrals,Shadows,1594D,"114,114,111"
241,Neutrals,Darkeness,1595D,"103,105,104"
241,Neutrals,Late in the Evening,1596A,"84,83,80"
242,Neutrals,Ease Your Mind,1597P,"213,211,206"
242,Neutrals,Pure Logic,1598P,"199,197,193"
242,Neutrals,New Plan,1599P,"183,181,175"
242,Neutrals,Business Suit,1600T,"161,161,159"
242,Neutrals,Street Bench,1601T/D,"133,134,132"
242,Neutrals,In the Shadow,1602D,"106,105,102"
242,Neutrals,Boudoir,1603A,"79,74,69"
243,Neutrals,Memories,1604P,"203,198,193"
243,Neutrals,Tender Grey,1605P,"189,183,179"
243,Neutrals,Breathless,1606P,"181,174,169"
243,Neutrals,Flashback,1607T,"157,152,150"
243,Neutrals,On My Own,1608D,"128,123,122"
243,Neutrals,Evening Shadows,1609D,"107,100,98"
243,Neutrals,Winds of Change,1610A,"82,75,72"
